student_id,age,gender,grade,school,Math,Science,English,History,Art,Study_Hours,Attendance,study_group,Internet,Parent_Edu,Extracurricular,Avg_Score
1001,17,Female,11th,City Public School,47.0,89.0,76.0,40.0,94.0,5.9,86.0,,Yes,Bachelor,No,69.2
1002,18,Female,12th,Greenwood High,82.0,82.0,86.0,97.0,81.0,5.5,82.1,,No,High School,Yes,85.6
1003,16,Female,9th,Greenwood High,,56.0,40.0,97.0,57.0,3.1,59.8,Group C,No,Bachelor,Yes,62.5
1004,18,Female,12th,City Public School,99.0,61.0,40.0,51.0,63.0,0.6,77.9,Group C,Yes,Bachelor,No,62.8
1005,18,Female,11th,National Grammar,72.0,47.0,96.0,95.0,74.0,5.7,88.1,Group A,No,Bachelor,No,76.8
1006,15,Male,9th,City Public School,65.0,79.0,81.0,73.0,89.0,7.6,99.6,Group B,Yes,High School,No,77.4
1007,16,Female,11th,National Grammar,78.0,44.0,93.0,35.0,62.0,5.2,,Group B,Yes,Bachelor,Yes,62.4
1008,16,Male,11th,Greenwood High,,43.0,81.0,71.0,58.0,3.8,,,No,High School,No,63.25
1009,16,Female,10th,Greenwood High,92.0,88.0,60.0,54.0,80.0,4.4,65.2,Group C,No,High School,Yes,74.8
1010,18,Male,9th,National Grammar,,61.0,54.0,86.0,80.0,2.0,94.3,Group A,Yes,Bachelor,Yes,70.25
1011,17,Female,10th,Greenwood High,81.0,68.0,56.0,84.0,64.0,6.1,91.7,,Yes,Bachelor,No,70.6
1012,16,Male,9th,National Grammar,82.0,35.0,61.0,45.0,96.0,,65.5,Group A,Yes,,Yes,63.8
1013,18,Female,11th,Sunrise Academy,93.0,66.0,77.0,43.0,63.0,1.6,64.0,Group C,Yes,,Yes,68.4
1014,15,Male,11th,City Public School,80.0,54.0,74.0,68.0,89.0,7.1,87.2,Group C,Yes,Bachelor,Yes,73.0
1015,17,Female,12th,Sunrise Academy,48.0,69.0,84.0,57.0,88.0,2.5,69.2,Group C,No,Bachelor,Yes,69.2
1016,15,Male,9th,National Grammar,63.0,51.0,55.0,80.0,51.0,,68.8,Group B,No,High School,Yes,60.0
1017,17,Female,10th,City Public School,76.0,52.0,47.0,78.0,88.0,3.4,61.9,Group C,Yes,Bachelor,No,68.2
1018,18,Male,12th,National Grammar,88.0,79.0,86.0,38.0,97.0,1.8,66.9,,Yes,High School,Yes,77.6
1019,14,Male,12th,City Public School,80.0,87.0,56.0,87.0,48.0,3.1,74.2,Group B,Yes,Bachelor,No,71.6
1020,17,Female,12th,City Public School,56.0,99.0,56.0,74.0,78.0,3.8,,Group A,Yes,Master,Yes,72.6
1021,15,Female,10th,City Public School,63.0,35.0,93.0,51.0,46.0,1.0,70.1,,Yes,,Yes,57.6
1022,18,Male,12th,City Public School,60.0,92.0,65.0,61.0,49.0,4.8,69.8,,Yes,Bachelor,Yes,65.4
1023,17,Female,10th,National Grammar,90.0,60.0,52.0,98.0,99.0,5.0,67.8,Group A,Yes,Bachelor,Yes,79.8
1024,14,Male,12th,City Public School,98.0,54.0,56.0,98.0,54.0,6.0,76.5,Group B,Yes,Bachelor,No,72.0
1025,14,Male,10th,City Public School,78.0,44.0,77.0,71.0,76.0,0.7,63.1,,Yes,Bachelor,Yes,69.2
1026,16,Male,11th,Sunrise Academy,94.0,93.0,56.0,82.0,86.0,4.6,76.9,,Yes,Master,Yes,82.2
1027,16,Female,11th,Greenwood High,80.0,75.0,87.0,88.0,85.0,0.9,86.7,,Yes,,No,83.0
1028,15,Male,11th,Greenwood High,78.0,,53.0,68.0,57.0,5.8,56.3,Group B,Yes,,Yes,64.0
1029,17,Male,11th,Sunrise Academy,52.0,99.0,84.0,44.0,83.0,0.9,55.4,Group B,Yes,High School,No,72.4
1030,17,Female,11th,Sunrise Academy,50.0,51.0,45.0,58.0,49.0,7.3,58.4,Group B,Yes,Master,No,50.6
1031,16,Female,12th,National Grammar,,56.0,74.0,32.0,54.0,5.8,79.1,,Yes,Bachelor,Yes,54.0
1032,17,Female,12th,National Grammar,58.0,75.0,85.0,39.0,54.0,4.3,93.5,Group C,No,Bachelor,Yes,62.2
1033,17,Female,12th,National Grammar,50.0,45.0,53.0,58.0,82.0,3.8,55.2,Group A,Yes,,Yes,57.6
1034,14,Male,10th,Sunrise Academy,52.0,,86.0,64.0,71.0,1.5,97.1,Group C,Yes,Master,No,68.25
1035,16,Male,10th,Sunrise Academy,85.0,85.0,47.0,35.0,95.0,2.7,59.8,Group B,Yes,Bachelor,Yes,69.4
1036,18,Male,10th,City Public School,84.0,55.0,54.0,41.0,65.0,7.0,92.9,,Yes,,Yes,59.8
1037,16,Male,10th,National Grammar,40.0,60.0,93.0,67.0,52.0,7.3,76.7,,Yes,High School,Yes,62.4
1038,18,Female,11th,National Grammar,79.0,53.0,66.0,48.0,45.0,0.5,84.7,Group C,No,,Yes,58.2
1039,14,Male,11th,National Grammar,83.0,94.0,52.0,96.0,72.0,5.0,78.0,Group C,No,Bachelor,Yes,79.4
1040,15,Male,11th,Greenwood High,58.0,81.0,88.0,37.0,93.0,5.9,76.5,Group A,No,Bachelor,No,71.4
1041,17,Female,9th,City Public School,51.0,60.0,70.0,37.0,83.0,5.1,,,Yes,,Yes,60.2
1042,14,Male,12th,National Grammar,47.0,74.0,92.0,76.0,58.0,1.1,89.0,Group C,Yes,Bachelor,No,69.4
1043,17,Male,10th,National Grammar,47.0,39.0,95.0,33.0,65.0,2.1,76.8,Group A,Yes,High School,No,55.8
1044,15,Male,10th,National Grammar,92.0,55.0,74.0,80.0,74.0,2.4,60.0,Group B,Yes,Bachelor,Yes,75.0
1045,15,Male,11th,Greenwood High,84.0,38.0,99.0,96.0,65.0,6.7,60.2,Group C,Yes,Bachelor,Yes,76.4
1046,14,Male,10th,Greenwood High,51.0,,45.0,74.0,93.0,4.0,91.1,Group B,Yes,High School,Yes,65.75
1047,15,Male,10th,Sunrise Academy,87.0,49.0,44.0,37.0,53.0,4.2,78.8,Group A,No,Bachelor,No,54.0
1048,18,Female,12th,City Public School,72.0,42.0,61.0,45.0,61.0,7.5,76.7,Group B,Yes,High School,Yes,56.2
1049,15,Female,11th,Sunrise Academy,84.0,75.0,97.0,96.0,49.0,5.3,85.6,,Yes,High School,No,80.2
1050,17,Male,12th,City Public School,65.0,53.0,88.0,38.0,75.0,7.2,93.6,,No,Bachelor,No,63.8
1051,17,Male,9th,Greenwood High,78.0,80.0,62.0,89.0,96.0,3.9,83.3,Group B,No,,Yes,81.0
1052,17,Female,9th,National Grammar,67.0,62.0,64.0,44.0,84.0,1.6,89.3,,Yes,High School,No,64.2
1053,17,Male,9th,Sunrise Academy,97.0,49.0,73.0,70.0,82.0,7.5,89.4,Group A,No,,Yes,74.2
1054,18,Male,11th,National Grammar,44.0,71.0,65.0,51.0,87.0,3.9,71.0,,No,,No,63.6
1055,16,Male,10th,Sunrise Academy,47.0,35.0,86.0,53.0,63.0,1.9,67.3,Group B,Yes,High School,Yes,56.8
1056,14,Female,11th,Greenwood High,64.0,58.0,44.0,73.0,80.0,2.8,91.1,Group B,Yes,,Yes,63.8
1057,17,Male,11th,Greenwood High,66.0,61.0,65.0,30.0,94.0,0.9,72.0,Group B,Yes,Bachelor,Yes,63.2
1058,15,Female,10th,Greenwood High,85.0,74.0,59.0,39.0,77.0,4.0,95.7,Group C,Yes,,No,66.8
1059,17,Male,12th,Sunrise Academy,62.0,97.0,45.0,85.0,57.0,6.9,58.1,Group B,Yes,Bachelor,Yes,69.2
1060,15,Female,9th,City Public School,69.0,95.0,45.0,79.0,58.0,7.5,57.6,Group A,No,,No,69.2
1061,15,Female,12th,Sunrise Academy,84.0,70.0,98.0,41.0,77.0,7.5,96.7,,No,,Yes,74.0
1062,17,Male,9th,City Public School,86.0,58.0,89.0,89.0,73.0,1.4,84.2,,No,,Yes,79.0
1063,18,Female,11th,Sunrise Academy,62.0,58.0,57.0,55.0,87.0,3.4,72.1,Group C,No,Master,Yes,63.8
1064,15,Male,9th,Sunrise Academy,88.0,,43.0,70.0,93.0,0.7,89.0,Group C,No,Bachelor,Yes,73.5
1065,15,Female,11th,Greenwood High,86.0,68.0,56.0,65.0,80.0,6.9,85.3,Group A,Yes,,Yes,71.0
1066,17,Male,12th,National Grammar,59.0,91.0,96.0,52.0,88.0,3.2,78.9,Group B,Yes,High School,Yes,77.2
1067,15,Male,11th,National Grammar,57.0,83.0,53.0,72.0,54.0,5.2,59.4,Group C,Yes,Bachelor,No,63.8
1068,15,Female,12th,City Public School,57.0,87.0,53.0,35.0,75.0,5.9,91.5,,Yes,,Yes,61.4
1069,17,Male,10th,National Grammar,41.0,57.0,52.0,98.0,50.0,3.7,94.0,Group C,Yes,High School,Yes,59.6
1070,17,Male,10th,Sunrise Academy,43.0,87.0,46.0,72.0,45.0,2.8,62.7,Group C,Yes,Bachelor,Yes,58.6
1071,14,Female,10th,Sunrise Academy,69.0,96.0,83.0,54.0,51.0,7.7,93.3,Group B,No,High School,No,70.6
1072,18,Male,11th,Greenwood High,72.0,75.0,94.0,47.0,71.0,7.7,94.5,Group C,Yes,Master,Yes,71.8
1073,18,Male,10th,Greenwood High,75.0,91.0,54.0,91.0,65.0,2.7,79.7,Group A,No,,Yes,75.2
1074,15,Female,9th,National Grammar,57.0,94.0,58.0,42.0,72.0,4.1,,,Yes,Master,Yes,64.6
1075,18,Female,12th,City Public School,76.0,88.0,82.0,72.0,60.0,7.8,72.2,Group B,Yes,Bachelor,No,75.6
1076,15,Male,12th,National Grammar,58.0,91.0,86.0,57.0,90.0,0.5,67.7,,Yes,Bachelor,No,76.4
1077,14,Male,9th,National Grammar,86.0,44.0,83.0,47.0,67.0,3.6,87.5,Group A,No,,Yes,65.4
1078,17,Female,11th,National Grammar,67.0,74.0,74.0,88.0,96.0,1.3,93.8,Group A,Yes,High School,Yes,79.8
1079,17,Female,11th,National Grammar,79.0,41.0,56.0,89.0,64.0,4.3,84.4,Group C,Yes,,No,65.8
1080,17,Male,12th,Sunrise Academy,59.0,72.0,74.0,92.0,82.0,0.7,78.0,Group C,Yes,High School,No,75.8
1081,18,Female,10th,City Public School,88.0,95.0,58.0,86.0,98.0,3.6,62.2,Group C,Yes,Bachelor,No,85.0
1082,14,Male,11th,Sunrise Academy,72.0,,59.0,80.0,69.0,2.2,57.4,,Yes,Master,No,70.0
1083,18,Male,11th,City Public School,51.0,85.0,75.0,85.0,72.0,4.5,,Group A,Yes,High School,No,73.6
1084,18,Male,9th,Greenwood High,97.0,81.0,74.0,56.0,49.0,8.0,57.2,Group B,Yes,Bachelor,No,71.4
1085,14,Male,9th,National Grammar,90.0,72.0,71.0,61.0,65.0,6.5,80.6,Group C,Yes,Bachelor,Yes,71.8
1086,14,Male,10th,Sunrise Academy,54.0,70.0,97.0,38.0,62.0,6.8,72.2,,Yes,High School,Yes,64.2
1087,14,Female,11th,City Public School,80.0,75.0,87.0,97.0,91.0,5.3,89.1,Group C,Yes,High School,Yes,86.0
1088,14,Female,11th,Greenwood High,78.0,47.0,83.0,75.0,50.0,0.8,68.8,Group A,Yes,Bachelor,No,66.6
1089,17,Female,9th,Greenwood High,41.0,92.0,79.0,96.0,73.0,2.1,81.7,Group B,Yes,High School,No,76.2
1090,16,Female,11th,National Grammar,68.0,84.0,63.0,55.0,63.0,7.4,79.2,Group A,Yes,Bachelor,No,66.6
1091,16,Male,12th,City Public School,80.0,64.0,56.0,37.0,77.0,3.2,55.2,,Yes,,Yes,62.8
1092,14,Male,9th,Sunrise Academy,49.0,96.0,46.0,35.0,45.0,,58.3,Group C,Yes,Master,Yes,54.2
1093,16,Male,10th,National Grammar,41.0,59.0,82.0,53.0,89.0,5.8,68.1,Group A,Yes,,Yes,64.8
1094,16,Male,9th,Sunrise Academy,90.0,61.0,89.0,77.0,47.0,2.7,94.7,,Yes,Bachelor,Yes,72.8
1095,14,Female,11th,Greenwood High,50.0,85.0,40.0,74.0,86.0,2.5,61.6,Group C,No,Bachelor,No,67.0
1096,16,Male,10th,Sunrise Academy,52.0,,74.0,42.0,65.0,8.0,87.0,Group B,Yes,High School,No,58.25
1097,18,Male,9th,Sunrise Academy,49.0,81.0,71.0,98.0,79.0,6.9,98.8,Group A,Yes,,Yes,75.6
1098,15,Female,12th,National Grammar,53.0,73.0,75.0,54.0,85.0,3.6,90.6,Group C,Yes,Bachelor,Yes,68.0
1099,15,Female,12th,Sunrise Academy,57.0,50.0,52.0,49.0,84.0,,65.9,Group C,No,Master,No,58.4
1100,14,Female,9th,National Grammar,90.0,56.0,45.0,95.0,47.0,5.4,95.9,Group C,Yes,High School,Yes,66.6
1101,17,Female,12th,Greenwood High,93.0,88.0,97.0,74.0,69.0,6.1,59.2,Group C,Yes,High School,No,84.2
1102,14,Male,12th,National Grammar,48.0,55.0,53.0,76.0,89.0,0.7,76.1,Group A,No,High School,Yes,64.2
1103,17,Male,12th,National Grammar,96.0,50.0,76.0,92.0,82.0,1.4,94.9,Group C,No,,Yes,79.2
1104,15,Female,10th,City Public School,78.0,93.0,87.0,84.0,89.0,5.2,83.9,,Yes,Bachelor,Yes,86.2
1105,14,Male,12th,Sunrise Academy,67.0,65.0,54.0,48.0,99.0,7.2,73.6,Group A,Yes,Bachelor,Yes,66.6
1106,18,Male,12th,Greenwood High,42.0,76.0,86.0,64.0,64.0,5.2,68.2,Group C,No,High School,Yes,66.4
1107,16,Male,12th,National Grammar,59.0,66.0,43.0,82.0,96.0,1.5,,Group A,Yes,Master,Yes,69.2
1108,17,Female,10th,Greenwood High,45.0,93.0,79.0,55.0,88.0,1.4,77.9,,Yes,,Yes,72.0
1109,16,Male,9th,City Public School,66.0,68.0,98.0,43.0,89.0,,69.4,,Yes,Bachelor,Yes,72.8
1110,16,Female,11th,Sunrise Academy,92.0,43.0,55.0,74.0,78.0,1.5,98.6,Group A,No,High School,Yes,68.4
1111,14,Male,12th,National Grammar,41.0,45.0,67.0,73.0,65.0,4.4,97.0,Group C,Yes,High School,Yes,58.2
1112,16,Male,9th,Sunrise Academy,68.0,44.0,55.0,94.0,99.0,0.8,94.2,Group C,Yes,Bachelor,Yes,72.0
1113,18,Male,12th,City Public School,77.0,51.0,43.0,80.0,92.0,1.1,74.0,,No,High School,No,68.6
1114,16,Female,10th,City Public School,42.0,82.0,84.0,72.0,67.0,5.5,86.1,Group C,Yes,Bachelor,No,69.4
1115,14,Male,9th,Greenwood High,55.0,86.0,65.0,52.0,50.0,5.7,95.6,,Yes,Bachelor,Yes,61.6
1116,18,Female,10th,National Grammar,69.0,59.0,67.0,85.0,95.0,3.1,93.3,Group C,Yes,High School,Yes,75.0
1117,15,Female,12th,Greenwood High,79.0,55.0,71.0,48.0,97.0,2.1,,,No,Bachelor,Yes,70.0
1118,16,Female,12th,City Public School,41.0,99.0,84.0,84.0,57.0,6.6,60.1,Group B,Yes,High School,Yes,73.0
1119,14,Male,10th,Sunrise Academy,56.0,97.0,41.0,89.0,93.0,2.1,58.4,Group C,Yes,Bachelor,No,75.2
1120,15,Male,11th,Greenwood High,80.0,85.0,70.0,88.0,67.0,4.6,,Group C,Yes,High School,No,78.0
1121,15,Male,10th,Greenwood High,51.0,70.0,42.0,62.0,53.0,7.8,83.9,Group C,Yes,High School,No,55.6
1122,17,Male,12th,Sunrise Academy,74.0,49.0,93.0,48.0,61.0,1.6,93.2,Group A,No,High School,Yes,65.0
1123,18,Female,10th,Greenwood High,82.0,73.0,47.0,57.0,46.0,7.6,68.2,Group C,Yes,Bachelor,Yes,61.0
1124,16,Female,11th,Sunrise Academy,40.0,35.0,63.0,81.0,63.0,1.9,62.5,Group A,Yes,Bachelor,No,56.4
1125,14,Female,10th,National Grammar,94.0,57.0,54.0,78.0,63.0,4.8,72.1,Group A,Yes,High School,Yes,69.2
1126,17,Male,11th,Sunrise Academy,84.0,73.0,82.0,66.0,51.0,3.3,70.9,,No,,Yes,71.2
1127,18,Female,11th,National Grammar,54.0,91.0,70.0,55.0,98.0,7.7,61.0,Group A,Yes,High School,No,73.6
1128,17,Male,10th,Sunrise Academy,65.0,68.0,48.0,69.0,86.0,2.6,85.3,Group A,Yes,Bachelor,No,67.2
1129,18,Female,10th,City Public School,76.0,75.0,78.0,67.0,86.0,,77.9,Group B,Yes,Bachelor,No,76.4
1130,18,Male,9th,City Public School,60.0,47.0,84.0,83.0,64.0,7.9,87.5,Group C,Yes,High School,Yes,67.6
1131,16,Male,12th,National Grammar,88.0,,41.0,51.0,53.0,4.5,,Group A,Yes,,Yes,58.25
1132,18,Female,11th,National Grammar,70.0,86.0,47.0,45.0,61.0,4.3,69.7,Group C,Yes,Bachelor,Yes,61.8
1133,17,Female,9th,City Public School,64.0,,46.0,57.0,71.0,2.4,76.3,Group A,Yes,,No,59.5
1134,18,Female,10th,National Grammar,62.0,97.0,95.0,64.0,91.0,5.8,94.5,,Yes,,Yes,81.8
1135,16,Female,12th,Sunrise Academy,63.0,83.0,83.0,89.0,46.0,0.6,56.8,Group B,No,,No,72.8
1136,16,Male,9th,Sunrise Academy,96.0,81.0,90.0,74.0,80.0,0.9,91.2,Group A,Yes,High School,No,84.2
1137,17,Female,11th,City Public School,77.0,89.0,78.0,75.0,63.0,5.0,71.6,Group C,No,Bachelor,Yes,76.4
1138,15,Female,9th,Greenwood High,67.0,98.0,81.0,84.0,61.0,3.1,93.5,,Yes,Bachelor,Yes,78.2
1139,15,Female,11th,Sunrise Academy,60.0,99.0,96.0,55.0,49.0,7.6,91.1,Group C,No,High School,Yes,71.8
1140,18,Male,10th,National Grammar,93.0,49.0,55.0,54.0,83.0,7.3,70.7,,No,Bachelor,No,66.8
1141,14,Male,12th,Greenwood High,82.0,66.0,74.0,94.0,62.0,5.9,86.2,Group B,No,High School,No,75.6
1142,18,Female,12th,Greenwood High,57.0,52.0,69.0,35.0,97.0,6.6,62.2,,No,Bachelor,No,62.0
1143,17,Male,12th,Sunrise Academy,75.0,77.0,49.0,52.0,98.0,,95.3,Group C,Yes,Bachelor,Yes,70.2
1144,17,Female,10th,Sunrise Academy,74.0,69.0,77.0,93.0,51.0,1.4,73.2,Group C,Yes,Bachelor,Yes,72.8
1145,17,Male,11th,Greenwood High,84.0,92.0,57.0,72.0,61.0,6.2,75.5,Group A,Yes,High School,No,73.2
1146,17,Male,10th,Greenwood High,94.0,67.0,89.0,52.0,83.0,2.1,86.8,,Yes,,Yes,77.0
1147,17,Male,12th,City Public School,48.0,48.0,44.0,59.0,80.0,2.9,91.9,Group C,Yes,Bachelor,No,55.8
1148,16,Male,10th,National Grammar,92.0,68.0,92.0,47.0,84.0,6.6,65.6,Group A,No,Bachelor,No,76.6
1149,15,Female,10th,City Public School,77.0,95.0,68.0,50.0,89.0,4.5,84.8,Group B,Yes,,Yes,75.8
1150,17,Female,10th,Sunrise Academy,97.0,38.0,78.0,86.0,48.0,6.9,,Group C,Yes,Master,Yes,69.4
1151,14,Female,11th,City Public School,69.0,93.0,99.0,52.0,82.0,,71.6,Group A,No,Master,Yes,79.0
1152,14,Male,9th,City Public School,99.0,63.0,73.0,74.0,69.0,5.1,86.1,Group C,Yes,Bachelor,Yes,75.6
1153,14,Female,9th,City Public School,83.0,40.0,82.0,73.0,49.0,1.1,72.4,,Yes,Master,No,65.4
1154,14,Female,10th,City Public School,73.0,83.0,84.0,76.0,74.0,5.3,70.6,Group A,No,High School,No,78.0
1155,16,Female,9th,National Grammar,71.0,74.0,62.0,69.0,56.0,6.2,92.6,,Yes,,No,66.4
1156,14,Male,9th,National Grammar,42.0,99.0,44.0,80.0,48.0,4.9,,Group B,Yes,,No,62.6
1157,17,Male,10th,Greenwood High,42.0,61.0,69.0,71.0,68.0,2.5,85.4,,No,Bachelor,Yes,62.2
1158,18,Male,10th,Sunrise Academy,67.0,40.0,45.0,36.0,73.0,0.7,66.2,Group A,No,,Yes,52.2
1159,14,Female,12th,City Public School,,47.0,95.0,79.0,53.0,1.4,55.7,Group C,No,Master,No,68.5
1160,16,Female,9th,Greenwood High,54.0,98.0,97.0,77.0,48.0,5.2,62.5,Group A,Yes,High School,Yes,74.8
1161,16,Female,11th,Greenwood High,80.0,96.0,85.0,35.0,95.0,7.5,82.3,,No,High School,No,78.2
1162,14,Male,10th,Greenwood High,62.0,53.0,83.0,38.0,68.0,2.0,86.9,,Yes,,No,60.8
1163,18,Male,12th,National Grammar,79.0,77.0,43.0,86.0,58.0,6.0,55.9,Group C,Yes,High School,Yes,68.6
1164,14,Female,11th,City Public School,50.0,54.0,68.0,60.0,49.0,7.0,56.6,Group B,Yes,High School,Yes,56.2
1165,16,Male,9th,City Public School,87.0,78.0,62.0,50.0,62.0,4.4,95.6,Group A,Yes,Bachelor,Yes,67.8
1166,15,Male,12th,Sunrise Academy,71.0,57.0,45.0,69.0,86.0,5.5,58.3,Group C,Yes,High School,No,65.6
1167,17,Male,10th,City Public School,97.0,36.0,71.0,74.0,63.0,6.6,95.2,Group C,Yes,High School,Yes,68.2
1168,16,Male,11th,City Public School,98.0,56.0,81.0,78.0,56.0,,,Group C,Yes,High School,No,73.8
1169,14,Female,10th,Greenwood High,96.0,91.0,57.0,49.0,62.0,2.7,88.3,Group A,Yes,Bachelor,Yes,71.0
1170,17,Male,9th,Sunrise Academy,93.0,41.0,54.0,46.0,61.0,0.5,68.9,Group A,No,Master,No,59.0
1171,14,Male,11th,City Public School,75.0,90.0,79.0,57.0,74.0,7.7,93.6,Group A,Yes,Bachelor,Yes,75.0
1172,14,Male,9th,National Grammar,99.0,50.0,97.0,70.0,68.0,7.4,86.5,Group B,Yes,High School,Yes,76.8
1173,15,Male,9th,City Public School,72.0,85.0,71.0,95.0,55.0,6.2,73.1,Group C,Yes,High School,No,75.6
1174,17,Female,12th,Greenwood High,63.0,46.0,48.0,54.0,79.0,1.1,58.4,,Yes,Bachelor,No,58.0
1175,17,Female,10th,National Grammar,78.0,87.0,76.0,87.0,67.0,3.9,88.0,,Yes,Master,Yes,79.0
1176,15,Male,11th,Greenwood High,73.0,39.0,49.0,70.0,61.0,1.3,82.8,Group C,Yes,High School,No,58.4
1177,16,Male,9th,City Public School,95.0,61.0,59.0,35.0,45.0,0.6,55.1,,Yes,High School,No,59.0
1178,14,Male,9th,National Grammar,67.0,46.0,45.0,67.0,59.0,5.1,55.4,Group B,No,Bachelor,Yes,56.8
1179,18,Male,11th,Sunrise Academy,76.0,51.0,87.0,35.0,76.0,7.7,91.4,Group B,Yes,Master,Yes,65.0
1180,14,Male,9th,Sunrise Academy,46.0,40.0,95.0,74.0,53.0,7.3,66.7,Group A,Yes,High School,No,61.6
1181,14,Male,12th,National Grammar,43.0,39.0,98.0,43.0,59.0,5.7,83.6,Group A,Yes,High School,Yes,56.4
1182,16,Female,12th,National Grammar,76.0,91.0,42.0,95.0,72.0,1.2,75.4,Group A,Yes,High School,Yes,75.2
1183,14,Male,12th,Greenwood High,95.0,62.0,81.0,69.0,68.0,2.6,93.9,Group A,Yes,,No,75.0
1184,15,Female,12th,National Grammar,40.0,93.0,50.0,32.0,79.0,2.9,96.3,Group A,Yes,Bachelor,Yes,58.8
1185,15,Female,9th,Greenwood High,40.0,67.0,82.0,53.0,66.0,6.2,99.9,,Yes,Bachelor,Yes,61.6
1186,17,Male,11th,City Public School,86.0,96.0,56.0,48.0,71.0,6.5,61.9,,No,Bachelor,No,71.4
1187,18,Female,11th,Greenwood High,59.0,,71.0,47.0,63.0,3.4,93.8,Group A,Yes,,Yes,60.0
1188,14,Female,11th,National Grammar,58.0,53.0,43.0,93.0,89.0,,67.0,Group B,Yes,,No,67.2
1189,14,Female,11th,National Grammar,68.0,81.0,43.0,64.0,56.0,0.8,81.6,,No,High School,No,62.4
1190,16,Female,10th,City Public School,49.0,73.0,56.0,91.0,64.0,2.7,77.8,Group B,Yes,High School,Yes,66.6
1191,15,Female,11th,National Grammar,99.0,67.0,80.0,30.0,45.0,3.9,55.8,Group B,No,Bachelor,Yes,64.2
1192,18,Female,10th,National Grammar,57.0,47.0,58.0,54.0,65.0,1.4,97.0,Group C,Yes,High School,Yes,56.2
1193,17,Male,10th,Sunrise Academy,67.0,88.0,44.0,74.0,93.0,3.9,58.5,Group C,Yes,,Yes,73.2
1194,15,Female,12th,Sunrise Academy,74.0,41.0,71.0,78.0,89.0,6.9,86.0,Group A,No,High School,No,70.6
1195,17,Female,10th,City Public School,,48.0,61.0,45.0,45.0,4.9,90.3,Group B,No,High School,No,49.75
1196,16,Female,9th,Greenwood High,86.0,53.0,95.0,48.0,54.0,1.1,90.8,,No,Bachelor,Yes,67.2
1197,16,Male,10th,Sunrise Academy,70.0,,45.0,52.0,91.0,1.9,61.1,Group C,Yes,Bachelor,Yes,64.5
1198,14,Female,12th,Greenwood High,66.0,54.0,74.0,54.0,76.0,4.1,75.1,Group C,No,,Yes,64.8
1199,18,Male,10th,National Grammar,50.0,63.0,61.0,45.0,83.0,3.2,92.3,Group B,No,Bachelor,Yes,60.4
1200,17,Female,9th,Sunrise Academy,88.0,58.0,40.0,83.0,66.0,3.2,68.6,Group C,Yes,High School,Yes,67.0
1201,15,Male,9th,City Public School,88.0,97.0,59.0,30.0,62.0,4.5,76.0,Group C,Yes,High School,Yes,67.2
1202,16,Male,9th,City Public School,77.0,91.0,61.0,71.0,92.0,4.9,67.3,,Yes,Master,No,78.4
1203,14,Female,12th,City Public School,44.0,42.0,87.0,48.0,90.0,6.5,75.9,Group B,No,High School,Yes,62.2
1204,14,Female,12th,Sunrise Academy,47.0,96.0,94.0,63.0,76.0,3.1,95.0,Group C,Yes,Bachelor,Yes,75.2
1205,17,Male,11th,Greenwood High,73.0,63.0,50.0,84.0,71.0,6.5,75.5,Group B,Yes,High School,No,68.2
1206,16,Female,12th,National Grammar,87.0,51.0,52.0,47.0,72.0,3.0,80.0,Group C,Yes,Bachelor,Yes,61.8
1207,18,Male,9th,Greenwood High,91.0,40.0,98.0,63.0,62.0,,73.2,,Yes,Bachelor,Yes,70.8
1208,16,Male,9th,Greenwood High,95.0,92.0,81.0,74.0,83.0,4.7,75.7,Group B,Yes,Master,Yes,85.0
1209,17,Male,12th,National Grammar,51.0,62.0,42.0,35.0,93.0,4.9,55.7,Group C,Yes,Bachelor,Yes,56.6
1210,17,Male,10th,National Grammar,77.0,96.0,48.0,50.0,73.0,7.5,67.8,,No,Bachelor,Yes,68.8
1211,16,Male,12th,Sunrise Academy,40.0,75.0,99.0,99.0,62.0,5.9,74.6,Group C,Yes,High School,No,75.0
1212,17,Female,12th,Sunrise Academy,,75.0,51.0,77.0,88.0,7.4,83.5,Group B,No,Bachelor,Yes,72.75
1213,16,Male,9th,Sunrise Academy,43.0,83.0,62.0,68.0,52.0,7.3,75.3,Group C,Yes,Bachelor,No,61.6
1214,15,Male,11th,Sunrise Academy,88.0,83.0,53.0,60.0,98.0,5.0,70.2,Group B,Yes,,Yes,76.4
1215,16,Female,9th,Sunrise Academy,84.0,37.0,72.0,39.0,75.0,4.5,72.5,Group B,Yes,High School,Yes,61.4
1216,16,Male,11th,National Grammar,89.0,44.0,57.0,59.0,78.0,4.7,65.9,Group C,Yes,Bachelor,Yes,65.4
1217,17,Female,9th,Greenwood High,44.0,69.0,88.0,47.0,51.0,7.8,96.6,,Yes,Bachelor,Yes,59.8
1218,17,Female,12th,Sunrise Academy,69.0,36.0,98.0,89.0,80.0,6.3,78.5,Group A,No,High School,Yes,74.4
1219,14,Female,9th,Sunrise Academy,95.0,58.0,80.0,44.0,62.0,1.3,55.6,,Yes,Master,Yes,67.8
1220,14,Male,9th,Greenwood High,63.0,72.0,48.0,33.0,82.0,6.3,55.9,,Yes,High School,Yes,59.6
1221,15,Male,9th,Sunrise Academy,98.0,56.0,62.0,92.0,53.0,1.8,98.8,Group C,Yes,High School,Yes,72.2
1222,14,Male,12th,Greenwood High,,60.0,49.0,69.0,53.0,3.9,65.0,,Yes,Bachelor,Yes,57.75
1223,16,Female,12th,Greenwood High,50.0,77.0,58.0,38.0,90.0,2.1,91.3,,No,High School,Yes,62.6
1224,17,Male,12th,National Grammar,84.0,89.0,86.0,38.0,52.0,5.7,57.6,Group A,Yes,Bachelor,Yes,69.8
1225,14,Female,12th,City Public School,43.0,73.0,44.0,55.0,95.0,7.1,96.5,,Yes,High School,No,62.0
1226,14,Male,11th,National Grammar,65.0,63.0,86.0,33.0,79.0,2.7,94.3,Group A,Yes,,No,65.2
1227,15,Female,11th,City Public School,66.0,54.0,91.0,45.0,62.0,1.1,80.7,Group C,Yes,High School,Yes,63.6
1228,15,Male,10th,City Public School,85.0,75.0,62.0,44.0,49.0,2.7,55.4,Group A,Yes,Master,Yes,63.0
1229,16,Male,12th,City Public School,93.0,88.0,69.0,81.0,58.0,5.5,66.6,Group B,Yes,High School,Yes,77.8
1230,17,Male,11th,Sunrise Academy,,54.0,64.0,98.0,72.0,3.0,73.3,Group B,Yes,High School,No,72.0
1231,15,Female,9th,National Grammar,66.0,53.0,67.0,34.0,74.0,2.6,75.7,Group A,Yes,,Yes,58.8
1232,14,Female,12th,City Public School,81.0,64.0,73.0,49.0,48.0,1.9,68.4,Group B,Yes,High School,No,63.0
1233,17,Male,10th,Greenwood High,90.0,87.0,84.0,47.0,83.0,4.2,56.5,Group C,No,High School,Yes,78.2
1234,17,Male,10th,Sunrise Academy,89.0,68.0,95.0,31.0,64.0,2.6,,Group B,Yes,,Yes,69.4
1235,14,Female,10th,National Grammar,45.0,56.0,87.0,42.0,69.0,6.0,78.6,Group A,No,Bachelor,Yes,59.8
1236,15,Female,9th,City Public School,98.0,40.0,86.0,33.0,72.0,1.1,67.7,Group C,No,Bachelor,Yes,65.8
1237,14,Female,11th,Greenwood High,54.0,61.0,64.0,71.0,56.0,,56.7,Group B,Yes,,No,61.2
1238,17,Male,9th,National Grammar,92.0,44.0,49.0,90.0,46.0,2.3,99.8,Group C,Yes,Bachelor,Yes,64.2
1239,18,Female,12th,National Grammar,69.0,82.0,53.0,37.0,87.0,4.2,76.7,Group A,Yes,High School,Yes,65.6
1240,18,Male,10th,Sunrise Academy,81.0,93.0,81.0,96.0,58.0,2.6,89.0,Group B,Yes,High School,Yes,81.8
1241,16,Female,9th,National Grammar,76.0,93.0,96.0,92.0,66.0,5.9,75.4,Group C,Yes,,No,84.6
1242,14,Male,9th,Sunrise Academy,97.0,36.0,85.0,38.0,75.0,7.6,56.9,Group C,Yes,Bachelor,Yes,66.2
1243,14,Female,11th,City Public School,76.0,63.0,97.0,40.0,67.0,7.4,68.9,Group B,Yes,High School,Yes,68.6
1244,16,Female,11th,Sunrise Academy,81.0,99.0,69.0,71.0,92.0,4.9,69.4,Group C,No,Master,Yes,82.4
1245,16,Female,10th,Greenwood High,99.0,60.0,94.0,42.0,64.0,4.0,92.7,Group C,Yes,,Yes,71.8
1246,16,Female,9th,Sunrise Academy,76.0,44.0,80.0,65.0,82.0,6.6,84.4,Group A,Yes,,No,69.4
1247,17,Female,9th,Greenwood High,74.0,87.0,64.0,42.0,99.0,5.6,67.4,Group A,Yes,High School,Yes,73.2
1248,14,Male,11th,Sunrise Academy,62.0,93.0,53.0,41.0,48.0,1.9,98.5,Group A,Yes,Master,Yes,59.4
1249,17,Female,9th,National Grammar,45.0,56.0,74.0,66.0,59.0,6.7,69.5,Group A,Yes,Bachelor,Yes,60.0
1250,16,Female,9th,City Public School,43.0,85.0,91.0,81.0,68.0,3.7,99.9,Group A,No,Bachelor,No,73.6
1251,14,Female,9th,Greenwood High,57.0,82.0,87.0,31.0,69.0,1.9,,Group A,No,High School,Yes,65.2
1252,17,Male,11th,Sunrise Academy,99.0,55.0,73.0,85.0,45.0,2.6,63.6,Group B,No,,Yes,71.4
1253,17,Female,10th,Sunrise Academy,48.0,56.0,49.0,89.0,51.0,2.5,69.1,Group A,Yes,High School,No,58.6
1254,16,Male,12th,Sunrise Academy,88.0,64.0,74.0,52.0,75.0,4.4,76.9,Group C,Yes,Bachelor,Yes,70.6
1255,14,Female,10th,National Grammar,68.0,59.0,50.0,69.0,56.0,2.3,84.9,Group B,Yes,,No,60.4
1256,16,Female,12th,National Grammar,52.0,62.0,50.0,93.0,86.0,1.4,78.8,Group C,Yes,High School,Yes,68.6
1257,14,Male,9th,Greenwood High,98.0,99.0,60.0,52.0,49.0,1.4,98.6,Group A,Yes,High School,Yes,71.6
1258,18,Female,10th,Greenwood High,86.0,79.0,60.0,58.0,88.0,4.9,87.6,Group A,Yes,Master,No,74.2
1259,15,Male,12th,National Grammar,91.0,41.0,61.0,80.0,94.0,6.0,,Group C,Yes,Bachelor,No,73.4
1260,15,Male,11th,Greenwood High,56.0,83.0,84.0,98.0,86.0,2.9,59.7,Group C,Yes,High School,Yes,81.4
1261,15,Female,11th,City Public School,84.0,43.0,46.0,60.0,82.0,0.8,86.0,Group C,Yes,High School,No,63.0
1262,16,Male,10th,City Public School,71.0,70.0,94.0,79.0,56.0,1.5,62.1,,No,Master,Yes,74.0
1263,18,Female,10th,National Grammar,87.0,35.0,56.0,49.0,83.0,7.4,90.4,,Yes,Master,No,62.0
1264,14,Female,9th,Greenwood High,61.0,44.0,41.0,84.0,62.0,4.2,,,No,Bachelor,Yes,58.4
1265,17,Male,10th,Sunrise Academy,43.0,70.0,51.0,31.0,46.0,3.9,69.7,,No,High School,Yes,48.2
1266,14,Male,9th,City Public School,44.0,80.0,96.0,54.0,54.0,0.8,55.5,Group B,Yes,High School,No,65.6
1267,17,Male,9th,National Grammar,76.0,66.0,81.0,42.0,59.0,6.0,86.5,Group A,Yes,Master,No,64.8
1268,14,Male,11th,Greenwood High,80.0,66.0,57.0,99.0,74.0,4.5,60.1,Group C,Yes,High School,Yes,75.2
1269,18,Female,11th,National Grammar,88.0,40.0,93.0,96.0,88.0,2.0,89.8,Group A,No,High School,Yes,81.0
1270,17,Female,12th,Sunrise Academy,52.0,82.0,98.0,87.0,61.0,1.3,77.1,Group C,Yes,Bachelor,Yes,76.0
1271,16,Male,11th,City Public School,73.0,72.0,50.0,93.0,48.0,3.4,90.3,Group A,No,Master,Yes,67.2
1272,14,Female,11th,National Grammar,84.0,51.0,55.0,98.0,51.0,6.8,81.3,Group B,Yes,High School,Yes,67.8
1273,14,Female,10th,National Grammar,61.0,61.0,88.0,88.0,85.0,7.0,58.7,,No,Bachelor,Yes,76.6
1274,17,Female,11th,National Grammar,92.0,,90.0,89.0,75.0,5.0,89.5,Group A,No,Bachelor,Yes,86.5
1275,16,Female,12th,Sunrise Academy,98.0,84.0,57.0,91.0,95.0,6.0,58.1,Group C,Yes,High School,No,85.0
1276,16,Male,10th,National Grammar,62.0,69.0,74.0,45.0,99.0,,,Group A,Yes,High School,Yes,69.8
1277,18,Male,12th,Sunrise Academy,90.0,59.0,92.0,97.0,83.0,4.9,62.8,Group B,Yes,Master,Yes,84.2
1278,16,Female,11th,Sunrise Academy,42.0,62.0,98.0,44.0,99.0,5.5,88.9,Group B,Yes,Master,Yes,69.0
1279,16,Male,12th,Sunrise Academy,81.0,49.0,65.0,84.0,78.0,2.0,96.0,Group A,Yes,Bachelor,No,71.4
1280,16,Male,10th,City Public School,73.0,38.0,55.0,64.0,50.0,,79.9,,No,Bachelor,Yes,56.0
1281,15,Male,9th,City Public School,71.0,61.0,45.0,84.0,94.0,2.0,78.7,Group C,Yes,High School,Yes,71.0
1282,18,Female,12th,National Grammar,84.0,60.0,96.0,43.0,82.0,2.9,89.4,Group B,No,Master,No,73.0
1283,14,Female,12th,National Grammar,,53.0,83.0,78.0,89.0,5.2,55.2,Group B,No,High School,No,75.75
1284,17,Female,10th,City Public School,97.0,51.0,82.0,36.0,95.0,5.3,96.3,Group A,Yes,Bachelor,No,72.2
1285,14,Male,10th,Greenwood High,88.0,77.0,86.0,59.0,78.0,5.7,63.9,Group B,No,Master,No,77.6
1286,18,Female,12th,City Public School,60.0,75.0,86.0,78.0,88.0,1.3,99.3,Group B,Yes,Bachelor,No,77.4
1287,17,Female,11th,Sunrise Academy,85.0,76.0,87.0,45.0,59.0,6.9,88.1,Group C,No,Bachelor,No,70.4
1288,18,Male,12th,City Public School,83.0,84.0,81.0,80.0,58.0,4.5,89.8,,Yes,Bachelor,Yes,77.2
1289,16,Female,10th,Sunrise Academy,60.0,74.0,51.0,71.0,50.0,4.0,,Group C,Yes,High School,Yes,61.2
1290,17,Female,9th,National Grammar,83.0,73.0,99.0,46.0,94.0,7.9,76.2,,Yes,Bachelor,Yes,79.0
1291,16,Male,9th,Greenwood High,50.0,57.0,52.0,92.0,81.0,6.1,80.7,Group C,Yes,,Yes,66.4
1292,14,Male,11th,National Grammar,78.0,86.0,43.0,74.0,94.0,1.4,57.1,Group A,Yes,Bachelor,Yes,75.0
1293,14,Male,12th,Sunrise Academy,,81.0,78.0,36.0,76.0,6.2,83.1,Group B,Yes,High School,Yes,67.75
1294,17,Female,9th,Sunrise Academy,90.0,97.0,93.0,56.0,47.0,1.2,83.2,,Yes,High School,No,76.6
1295,17,Female,12th,Sunrise Academy,40.0,77.0,41.0,39.0,47.0,0.7,95.1,Group A,No,Bachelor,Yes,48.8
1296,18,Female,10th,Greenwood High,67.0,82.0,65.0,63.0,66.0,3.5,77.8,Group B,Yes,Master,Yes,68.6
1297,18,Male,9th,City Public School,63.0,68.0,98.0,65.0,66.0,8.0,58.5,Group B,Yes,High School,No,72.0
1298,16,Male,11th,National Grammar,74.0,74.0,66.0,54.0,54.0,1.8,68.8,Group B,Yes,Bachelor,Yes,64.4
1299,17,Female,10th,National Grammar,52.0,95.0,66.0,35.0,95.0,5.5,84.5,Group C,No,,Yes,68.6
1300,14,Female,11th,City Public School,86.0,,54.0,53.0,47.0,1.8,65.8,Group A,No,Master,Yes,60.0
1301,18,Male,10th,National Grammar,73.0,96.0,47.0,47.0,56.0,5.9,67.6,Group A,Yes,Bachelor,No,63.8
1302,18,Male,9th,Greenwood High,50.0,92.0,46.0,35.0,73.0,4.3,91.9,Group B,Yes,Bachelor,Yes,59.2
1303,14,Male,11th,National Grammar,75.0,67.0,86.0,58.0,92.0,5.6,81.3,,Yes,Master,No,75.6
1304,18,Male,11th,Sunrise Academy,90.0,50.0,94.0,54.0,61.0,2.0,,Group A,Yes,,Yes,69.8
1305,16,Female,10th,City Public School,56.0,82.0,85.0,84.0,51.0,6.1,,Group C,No,Master,Yes,71.6
1306,17,Male,11th,Greenwood High,74.0,44.0,79.0,75.0,57.0,8.0,87.9,,Yes,Master,Yes,65.8
1307,14,Female,10th,City Public School,99.0,72.0,99.0,53.0,46.0,5.5,67.9,,No,Master,No,73.8
1308,17,Female,10th,Greenwood High,57.0,53.0,51.0,55.0,48.0,4.2,88.2,,Yes,High School,No,52.8
1309,18,Female,10th,Sunrise Academy,79.0,70.0,52.0,57.0,54.0,7.4,58.2,,No,High School,No,62.4
1310,18,Male,10th,City Public School,61.0,93.0,82.0,32.0,83.0,0.6,93.9,Group A,Yes,Master,No,70.2
1311,14,Male,9th,National Grammar,96.0,97.0,56.0,67.0,68.0,,77.5,Group B,No,High School,Yes,76.8
1312,16,Male,10th,Greenwood High,63.0,80.0,56.0,90.0,61.0,7.2,74.7,,No,Bachelor,No,70.0
1313,15,Male,12th,City Public School,,37.0,95.0,80.0,96.0,1.0,82.5,Group C,No,High School,Yes,77.0
1314,14,Female,11th,National Grammar,58.0,99.0,75.0,77.0,50.0,3.9,83.1,Group C,Yes,,No,71.8
1315,15,Male,12th,City Public School,76.0,42.0,60.0,50.0,63.0,2.0,60.9,Group B,Yes,High School,Yes,58.2
1316,15,Male,9th,City Public School,78.0,85.0,47.0,83.0,49.0,4.7,89.0,Group A,Yes,Bachelor,Yes,68.4
1317,16,Female,12th,City Public School,60.0,40.0,44.0,85.0,76.0,5.4,67.4,Group B,Yes,High School,Yes,61.0
1318,15,Male,11th,Greenwood High,,73.0,65.0,88.0,54.0,2.8,95.7,,Yes,Bachelor,Yes,70.0
1319,15,Female,12th,National Grammar,67.0,94.0,55.0,80.0,53.0,3.9,91.8,Group A,Yes,Bachelor,Yes,69.8
1320,16,Female,9th,Sunrise Academy,44.0,62.0,75.0,49.0,71.0,2.6,70.6,Group A,Yes,Bachelor,No,60.2
1321,15,Female,10th,Greenwood High,56.0,88.0,67.0,88.0,57.0,3.3,91.3,,Yes,Bachelor,Yes,71.2
1322,15,Female,12th,Greenwood High,76.0,71.0,93.0,38.0,63.0,1.7,71.0,Group C,Yes,High School,Yes,68.2
1323,15,Female,9th,Greenwood High,75.0,43.0,68.0,30.0,65.0,7.1,59.5,,Yes,High School,No,56.2
1324,14,Female,9th,Sunrise Academy,93.0,90.0,86.0,58.0,68.0,0.6,98.3,Group B,Yes,High School,Yes,79.0
1325,14,Female,11th,National Grammar,58.0,93.0,51.0,92.0,82.0,7.1,84.4,,Yes,Bachelor,No,75.2
1326,14,Female,11th,National Grammar,66.0,36.0,76.0,85.0,48.0,4.8,75.5,Group C,Yes,Bachelor,Yes,62.2
1327,16,Male,12th,National Grammar,92.0,95.0,69.0,97.0,68.0,3.0,72.9,,Yes,Bachelor,No,84.2
1328,18,Male,10th,City Public School,73.0,92.0,62.0,64.0,79.0,5.9,69.6,Group B,No,,Yes,74.0
1329,15,Male,9th,City Public School,50.0,94.0,55.0,32.0,47.0,4.3,,Group B,No,Bachelor,Yes,55.6
1330,15,Male,12th,City Public School,93.0,74.0,53.0,36.0,48.0,4.2,61.1,Group C,No,,Yes,60.8
1331,16,Female,9th,Sunrise Academy,84.0,70.0,49.0,56.0,81.0,1.3,69.2,Group B,No,Master,Yes,68.0
1332,15,Male,9th,City Public School,86.0,71.0,46.0,30.0,84.0,3.4,76.8,Group B,Yes,,No,63.4
1333,14,Female,10th,Sunrise Academy,51.0,52.0,84.0,73.0,92.0,2.3,76.5,,Yes,Master,Yes,70.4
1334,18,Male,10th,National Grammar,93.0,97.0,91.0,70.0,98.0,0.6,76.2,Group A,Yes,Bachelor,Yes,89.8
1335,17,Male,12th,City Public School,60.0,56.0,99.0,71.0,79.0,,,Group B,Yes,High School,Yes,73.0
1336,15,Male,10th,City Public School,93.0,45.0,76.0,62.0,75.0,1.2,61.5,Group B,Yes,High School,No,70.2
1337,14,Female,10th,Greenwood High,50.0,92.0,68.0,79.0,88.0,2.4,66.5,Group C,Yes,,Yes,75.4
1338,17,Male,12th,Sunrise Academy,78.0,91.0,42.0,92.0,69.0,1.2,96.2,Group C,Yes,High School,No,74.4
1339,18,Female,10th,National Grammar,67.0,38.0,54.0,66.0,84.0,1.3,60.1,,Yes,High School,Yes,61.8
1340,17,Female,11th,Greenwood High,44.0,41.0,75.0,88.0,57.0,2.0,89.1,,No,Bachelor,Yes,61.0
1341,14,Male,9th,Greenwood High,56.0,95.0,86.0,77.0,48.0,8.0,89.1,Group B,Yes,High School,Yes,72.4
1342,17,Male,9th,National Grammar,95.0,88.0,85.0,34.0,90.0,0.5,91.4,Group A,Yes,Bachelor,No,78.4
1343,16,Male,9th,Greenwood High,,35.0,91.0,77.0,58.0,5.3,94.9,Group A,Yes,High School,No,65.25
1344,17,Female,9th,Sunrise Academy,80.0,89.0,58.0,32.0,57.0,1.6,66.8,,Yes,Master,Yes,63.2
1345,15,Male,12th,Sunrise Academy,85.0,37.0,52.0,76.0,71.0,7.4,65.1,Group C,Yes,Bachelor,Yes,64.2
1346,15,Female,9th,City Public School,97.0,72.0,81.0,91.0,50.0,1.2,75.9,Group B,No,High School,No,78.2
1347,16,Female,9th,Greenwood High,51.0,35.0,60.0,43.0,61.0,7.7,66.9,Group B,Yes,,Yes,50.0
1348,14,Male,9th,City Public School,45.0,72.0,76.0,92.0,80.0,5.1,88.0,Group A,Yes,High School,Yes,73.0
1349,15,Male,9th,Greenwood High,56.0,63.0,66.0,90.0,84.0,0.5,83.6,,Yes,High School,Yes,71.8
1350,18,Female,11th,Sunrise Academy,90.0,39.0,94.0,60.0,93.0,7.2,94.4,Group A,Yes,Bachelor,Yes,75.2
1351,15,Female,9th,Sunrise Academy,58.0,,91.0,46.0,79.0,4.4,58.7,Group A,No,Bachelor,Yes,68.5
1352,15,Female,11th,Sunrise Academy,65.0,81.0,68.0,53.0,61.0,2.5,96.2,,Yes,Master,Yes,65.6
1353,14,Male,12th,Greenwood High,87.0,69.0,59.0,52.0,85.0,6.3,68.2,Group C,Yes,Bachelor,Yes,70.4
1354,17,Female,10th,Sunrise Academy,83.0,35.0,64.0,79.0,46.0,7.4,77.1,Group B,No,Master,No,61.4
1355,15,Male,9th,Greenwood High,83.0,46.0,45.0,99.0,57.0,4.1,74.7,Group C,No,Master,Yes,66.0
1356,16,Female,10th,City Public School,91.0,,75.0,56.0,96.0,2.9,89.2,,Yes,Master,No,79.5
1357,17,Female,10th,Greenwood High,71.0,61.0,41.0,44.0,46.0,6.4,73.9,,Yes,Bachelor,Yes,52.6
1358,18,Male,12th,City Public School,45.0,90.0,61.0,79.0,96.0,5.6,97.5,Group B,Yes,High School,No,74.2
1359,14,Female,10th,Greenwood High,,57.0,71.0,65.0,72.0,,95.6,Group C,Yes,High School,Yes,66.25
1360,18,Male,11th,City Public School,97.0,59.0,55.0,37.0,87.0,5.7,94.2,Group B,Yes,,No,67.0
1361,17,Male,10th,Sunrise Academy,75.0,55.0,57.0,32.0,70.0,2.3,58.2,Group A,No,High School,Yes,57.8
1362,17,Female,10th,City Public School,77.0,95.0,44.0,91.0,66.0,7.5,93.4,Group A,Yes,High School,No,74.6
1363,17,Male,10th,Sunrise Academy,50.0,97.0,93.0,76.0,91.0,1.3,90.2,Group A,No,Bachelor,Yes,81.4
1364,18,Male,9th,Sunrise Academy,72.0,86.0,75.0,90.0,87.0,2.5,59.7,Group C,Yes,,Yes,82.0
1365,17,Female,9th,City Public School,63.0,59.0,69.0,61.0,99.0,4.4,59.8,Group A,Yes,Bachelor,No,70.2
1366,18,Male,11th,Greenwood High,62.0,89.0,84.0,42.0,47.0,4.7,59.6,Group B,Yes,,Yes,64.8
1367,17,Male,11th,Greenwood High,54.0,80.0,58.0,30.0,79.0,0.6,55.5,Group C,No,Bachelor,Yes,60.2
1368,16,Male,9th,National Grammar,66.0,66.0,62.0,63.0,56.0,6.4,79.7,Group B,No,Bachelor,No,62.6
1369,17,Female,11th,Greenwood High,50.0,89.0,73.0,91.0,68.0,3.2,98.8,,Yes,High School,Yes,74.2
1370,18,Male,9th,National Grammar,96.0,39.0,52.0,60.0,49.0,3.5,74.7,Group C,Yes,Bachelor,Yes,59.2
1371,15,Female,12th,Greenwood High,90.0,,82.0,93.0,64.0,6.6,79.3,Group B,Yes,Bachelor,No,82.25
1372,17,Female,10th,Greenwood High,,,93.0,54.0,83.0,3.3,98.6,Group B,No,High School,Yes,76.67
1373,15,Male,10th,Sunrise Academy,56.0,92.0,68.0,67.0,83.0,0.9,66.5,Group C,No,High School,No,73.2
1374,16,Male,11th,National Grammar,90.0,73.0,75.0,43.0,57.0,1.8,93.6,,Yes,High School,Yes,67.6
1375,14,Male,9th,Greenwood High,92.0,95.0,61.0,37.0,85.0,7.7,79.6,Group C,Yes,Bachelor,No,74.0
1376,16,Female,9th,National Grammar,53.0,43.0,91.0,83.0,97.0,1.0,80.6,Group A,Yes,Bachelor,Yes,73.4
1377,17,Male,11th,Sunrise Academy,66.0,40.0,91.0,31.0,89.0,3.2,70.4,Group A,Yes,,No,63.4
1378,15,Male,9th,Sunrise Academy,57.0,69.0,86.0,85.0,56.0,4.3,80.3,,Yes,Bachelor,Yes,70.6
1379,15,Male,12th,National Grammar,67.0,73.0,75.0,90.0,57.0,4.2,58.3,Group B,Yes,High School,Yes,72.4
1380,18,Male,10th,Sunrise Academy,90.0,56.0,48.0,51.0,54.0,0.5,89.4,Group B,No,Bachelor,No,59.8
1381,15,Male,11th,City Public School,86.0,75.0,78.0,64.0,77.0,4.3,67.8,Group B,Yes,High School,Yes,76.0
1382,18,Female,11th,City Public School,86.0,39.0,90.0,45.0,84.0,3.4,94.9,Group C,No,Bachelor,No,68.8
1383,14,Female,9th,Sunrise Academy,43.0,76.0,58.0,79.0,98.0,7.8,71.6,Group C,Yes,High School,No,70.8
1384,17,Male,11th,City Public School,46.0,64.0,77.0,72.0,60.0,1.7,61.4,,Yes,Bachelor,Yes,63.8
1385,18,Male,12th,Greenwood High,84.0,91.0,45.0,46.0,89.0,3.2,86.3,Group A,Yes,,No,71.0
1386,14,Male,9th,National Grammar,74.0,63.0,91.0,87.0,79.0,3.6,62.4,Group B,Yes,Bachelor,Yes,78.8
1387,15,Male,9th,Greenwood High,87.0,71.0,86.0,31.0,47.0,3.4,88.9,Group A,Yes,High School,Yes,64.4
1388,15,Female,9th,National Grammar,48.0,,54.0,33.0,49.0,5.5,98.6,Group C,Yes,Bachelor,Yes,46.0
1389,14,Male,9th,Sunrise Academy,47.0,,96.0,68.0,70.0,2.1,90.1,Group C,Yes,High School,No,70.25
1390,15,Female,12th,Greenwood High,91.0,80.0,59.0,35.0,55.0,2.2,56.0,Group C,Yes,Bachelor,Yes,64.0
1391,14,Female,9th,Sunrise Academy,84.0,57.0,48.0,98.0,51.0,6.0,82.0,Group A,Yes,Bachelor,No,67.6
1392,18,Male,11th,Sunrise Academy,56.0,79.0,71.0,98.0,97.0,4.3,86.3,,Yes,Bachelor,Yes,80.2
1393,18,Female,12th,National Grammar,,51.0,43.0,49.0,54.0,3.6,92.1,,Yes,Bachelor,No,49.25
1394,14,Female,10th,National Grammar,88.0,40.0,89.0,93.0,86.0,1.8,57.5,Group C,Yes,High School,Yes,79.2
1395,18,Female,10th,National Grammar,72.0,52.0,57.0,45.0,96.0,1.9,76.6,Group B,No,Bachelor,No,64.4
1396,18,Female,11th,Greenwood High,71.0,56.0,44.0,80.0,78.0,0.6,79.1,Group A,Yes,Bachelor,Yes,65.8
1397,18,Male,11th,City Public School,47.0,,59.0,66.0,47.0,1.2,62.6,Group C,No,Master,Yes,54.75
1398,16,Male,12th,National Grammar,58.0,64.0,62.0,98.0,52.0,4.7,69.5,Group A,Yes,Bachelor,Yes,66.8
1399,17,Female,10th,National Grammar,,66.0,50.0,71.0,75.0,7.2,74.8,Group A,Yes,Bachelor,No,65.5
1400,15,Male,10th,Greenwood High,42.0,76.0,76.0,86.0,55.0,2.7,92.5,,Yes,High School,Yes,67.0
1401,16,Male,10th,National Grammar,98.0,44.0,61.0,95.0,89.0,3.0,96.8,Group C,No,Bachelor,No,77.4
1402,18,Male,10th,Greenwood High,44.0,70.0,97.0,38.0,51.0,1.4,83.3,,No,Bachelor,Yes,60.0
1403,14,Male,10th,Sunrise Academy,52.0,68.0,43.0,93.0,89.0,3.4,72.8,Group C,Yes,Master,No,69.0
1404,18,Male,9th,National Grammar,86.0,62.0,68.0,51.0,46.0,0.8,66.4,Group A,Yes,High School,Yes,62.6
1405,17,Female,11th,National Grammar,85.0,45.0,83.0,63.0,50.0,7.4,99.2,,Yes,,Yes,65.2
1406,18,Male,9th,Sunrise Academy,70.0,73.0,73.0,84.0,85.0,5.5,99.2,Group A,Yes,,Yes,77.0
1407,14,Male,10th,Sunrise Academy,94.0,81.0,52.0,58.0,76.0,7.9,96.6,Group C,Yes,Bachelor,Yes,72.2
1408,17,Male,12th,Sunrise Academy,55.0,53.0,81.0,67.0,64.0,7.1,90.4,Group B,Yes,Master,Yes,64.0
1409,18,Male,12th,National Grammar,89.0,49.0,48.0,47.0,78.0,4.0,69.7,,Yes,,No,62.2
1410,17,Female,10th,City Public School,71.0,62.0,81.0,94.0,94.0,4.4,,,No,Bachelor,No,80.4
1411,15,Female,10th,City Public School,61.0,58.0,70.0,30.0,60.0,1.9,73.4,Group A,Yes,Bachelor,No,55.8
1412,15,Female,12th,City Public School,68.0,43.0,46.0,33.0,69.0,4.0,69.7,Group A,Yes,Bachelor,Yes,51.8
1413,18,Female,9th,National Grammar,61.0,81.0,43.0,33.0,56.0,7.3,88.5,Group B,Yes,High School,Yes,54.8
1414,17,Male,9th,Sunrise Academy,82.0,67.0,58.0,56.0,51.0,0.9,58.6,,Yes,Bachelor,No,62.8
1415,14,Female,10th,National Grammar,42.0,96.0,81.0,72.0,83.0,7.0,57.2,Group C,Yes,,Yes,74.8
1416,18,Male,9th,Sunrise Academy,93.0,53.0,69.0,88.0,61.0,,75.2,Group C,Yes,Bachelor,No,72.8
1417,15,Male,12th,National Grammar,49.0,74.0,70.0,61.0,89.0,7.2,75.1,,Yes,High School,Yes,68.6
1418,15,Male,9th,National Grammar,81.0,81.0,74.0,62.0,55.0,7.6,95.3,,No,Bachelor,No,70.6
1419,18,Male,10th,Sunrise Academy,60.0,99.0,96.0,57.0,50.0,5.5,60.7,,No,Bachelor,Yes,72.4
1420,17,Male,12th,City Public School,55.0,63.0,60.0,84.0,67.0,5.5,60.5,Group B,Yes,,No,65.8
1421,15,Female,9th,Sunrise Academy,51.0,84.0,70.0,89.0,71.0,3.9,61.6,Group C,Yes,High School,Yes,73.0
1422,17,Female,11th,Greenwood High,,47.0,58.0,99.0,90.0,6.8,56.3,Group C,Yes,Bachelor,No,73.5
1423,15,Female,12th,Greenwood High,80.0,35.0,70.0,91.0,50.0,7.7,58.2,Group A,Yes,Bachelor,Yes,65.2
1424,15,Female,12th,Sunrise Academy,63.0,68.0,92.0,63.0,82.0,6.3,84.7,Group A,Yes,Bachelor,No,73.6
1425,16,Male,11th,National Grammar,,82.0,71.0,85.0,46.0,5.2,74.4,,Yes,High School,No,71.0
1426,15,Female,11th,Greenwood High,95.0,82.0,41.0,42.0,66.0,5.1,89.4,Group A,Yes,,Yes,65.2
1427,14,Male,12th,Greenwood High,69.0,83.0,98.0,85.0,64.0,6.9,99.7,Group B,No,High School,Yes,79.8
1428,18,Female,11th,National Grammar,96.0,98.0,91.0,47.0,69.0,4.6,84.7,Group C,Yes,High School,Yes,80.2
1429,18,Male,10th,National Grammar,69.0,95.0,49.0,83.0,59.0,6.5,57.3,Group C,No,Master,Yes,71.0
1430,17,Male,10th,City Public School,86.0,63.0,41.0,72.0,93.0,4.3,59.7,Group A,Yes,,Yes,71.0
1431,15,Female,10th,National Grammar,74.0,,41.0,68.0,73.0,1.0,94.6,,Yes,High School,Yes,64.0
1432,14,Male,12th,Sunrise Academy,58.0,,99.0,90.0,52.0,3.4,78.7,Group A,Yes,,Yes,74.75
1433,17,Male,11th,Sunrise Academy,89.0,51.0,63.0,71.0,81.0,3.8,92.1,,Yes,,No,71.0
1434,16,Female,11th,City Public School,47.0,47.0,56.0,47.0,93.0,1.6,93.5,Group B,Yes,Bachelor,No,58.0
1435,17,Male,9th,Greenwood High,65.0,60.0,71.0,52.0,96.0,1.3,96.7,Group C,Yes,Bachelor,Yes,68.8
1436,17,Female,9th,Greenwood High,88.0,83.0,55.0,83.0,77.0,4.5,97.7,Group B,Yes,,No,77.2
1437,15,Female,11th,National Grammar,79.0,41.0,55.0,59.0,66.0,1.1,80.0,Group C,Yes,,No,60.0
1438,16,Female,11th,Sunrise Academy,46.0,92.0,85.0,87.0,94.0,2.8,70.3,Group B,Yes,,Yes,80.8
1439,17,Male,11th,Greenwood High,69.0,83.0,78.0,97.0,91.0,6.1,98.3,Group A,No,Bachelor,Yes,83.6
1440,14,Male,12th,City Public School,46.0,87.0,92.0,96.0,49.0,7.7,79.6,Group B,Yes,Bachelor,Yes,74.0
1441,14,Male,11th,City Public School,42.0,99.0,70.0,47.0,83.0,5.9,57.9,Group B,Yes,,No,68.2
1442,18,Female,9th,Sunrise Academy,40.0,96.0,82.0,36.0,62.0,7.9,83.9,Group A,Yes,Bachelor,No,63.2
1443,16,Male,12th,City Public School,75.0,51.0,63.0,69.0,82.0,5.7,81.4,Group C,Yes,Bachelor,Yes,68.0
1444,16,Female,11th,City Public School,64.0,77.0,40.0,99.0,98.0,2.7,95.3,Group C,Yes,Master,No,75.6
1445,18,Female,9th,Sunrise Academy,76.0,59.0,50.0,94.0,97.0,5.5,84.4,Group A,Yes,Master,Yes,75.2
1446,17,Male,12th,National Grammar,40.0,37.0,94.0,97.0,81.0,5.8,70.7,Group B,Yes,High School,Yes,69.8
1447,16,Female,11th,National Grammar,54.0,63.0,60.0,78.0,74.0,3.3,98.5,Group B,Yes,High School,No,65.8
1448,14,Male,11th,City Public School,76.0,66.0,43.0,81.0,95.0,0.6,91.1,Group B,No,High School,No,72.2
1449,14,Male,11th,National Grammar,52.0,60.0,46.0,58.0,75.0,5.8,83.4,,Yes,Bachelor,Yes,58.2
1450,15,Male,12th,National Grammar,79.0,50.0,65.0,50.0,54.0,,68.2,Group C,Yes,Master,Yes,59.6
1451,16,Male,9th,City Public School,47.0,59.0,86.0,38.0,59.0,,71.8,Group B,Yes,Bachelor,No,57.8
1452,17,Male,9th,National Grammar,44.0,88.0,89.0,76.0,86.0,1.7,85.1,Group C,Yes,High School,Yes,76.6
1453,18,Female,10th,City Public School,99.0,62.0,51.0,71.0,92.0,4.7,58.2,Group B,No,,No,75.0
1454,18,Female,11th,Greenwood High,48.0,90.0,70.0,80.0,88.0,4.3,,Group A,Yes,High School,Yes,75.2
1455,17,Female,10th,Sunrise Academy,40.0,99.0,56.0,85.0,62.0,0.6,87.1,Group A,Yes,High School,Yes,68.4
1456,15,Male,10th,Sunrise Academy,75.0,75.0,72.0,80.0,67.0,3.2,76.6,Group C,Yes,Bachelor,Yes,73.8
1457,18,Male,9th,National Grammar,74.0,85.0,50.0,99.0,77.0,5.0,73.1,Group C,Yes,,Yes,77.0
1458,16,Male,12th,National Grammar,41.0,63.0,67.0,49.0,60.0,6.9,61.8,Group A,Yes,High School,No,56.0
1459,15,Female,12th,National Grammar,79.0,53.0,71.0,56.0,98.0,7.2,74.9,,Yes,Bachelor,Yes,71.4
1460,16,Male,9th,Sunrise Academy,62.0,75.0,40.0,67.0,82.0,4.1,89.7,Group A,Yes,,Yes,65.2
1461,14,Female,12th,Greenwood High,48.0,79.0,86.0,94.0,79.0,6.0,66.9,Group B,Yes,,Yes,77.2
1462,15,Female,10th,Greenwood High,73.0,49.0,67.0,83.0,78.0,2.9,55.2,,Yes,High School,Yes,70.0
1463,18,Male,11th,Sunrise Academy,85.0,37.0,92.0,53.0,72.0,3.1,85.1,Group A,Yes,Master,No,67.8
1464,15,Male,9th,Greenwood High,53.0,45.0,81.0,76.0,46.0,2.0,98.8,,Yes,Bachelor,No,60.2
1465,15,Female,11th,Sunrise Academy,43.0,87.0,46.0,92.0,74.0,4.7,82.3,,No,,Yes,68.4
1466,15,Male,12th,Greenwood High,69.0,80.0,41.0,86.0,57.0,2.9,60.4,,Yes,Bachelor,No,66.6
1467,15,Female,11th,City Public School,70.0,64.0,81.0,84.0,85.0,1.1,69.4,Group C,Yes,High School,No,76.8
1468,16,Male,12th,City Public School,77.0,91.0,63.0,89.0,60.0,5.6,94.0,Group A,Yes,Bachelor,No,76.0
1469,14,Male,12th,Sunrise Academy,50.0,52.0,43.0,91.0,49.0,5.8,65.5,Group C,Yes,Bachelor,Yes,57.0
1470,17,Female,10th,Greenwood High,74.0,85.0,83.0,59.0,99.0,3.2,82.3,Group C,Yes,Master,Yes,80.0
1471,15,Male,12th,National Grammar,47.0,82.0,58.0,51.0,72.0,1.1,73.1,Group B,No,Bachelor,Yes,62.0
1472,18,Female,10th,Greenwood High,42.0,42.0,65.0,58.0,97.0,3.7,64.4,Group B,Yes,Master,No,60.8
1473,15,Male,10th,City Public School,53.0,56.0,50.0,70.0,83.0,3.8,91.6,,Yes,Master,No,62.4
1474,18,Female,10th,City Public School,99.0,40.0,79.0,71.0,89.0,5.5,88.4,,Yes,Master,Yes,75.6
1475,16,Female,9th,Greenwood High,52.0,91.0,89.0,94.0,64.0,2.9,84.8,Group B,Yes,Bachelor,Yes,78.0
1476,18,Male,9th,Greenwood High,84.0,70.0,82.0,60.0,68.0,5.6,65.6,Group B,Yes,High School,Yes,72.8
1477,17,Female,12th,National Grammar,71.0,91.0,50.0,59.0,71.0,7.0,59.4,Group A,No,High School,Yes,68.4
1478,14,Male,10th,National Grammar,73.0,83.0,84.0,47.0,74.0,,80.9,,Yes,,No,72.2
1479,18,Male,9th,Greenwood High,84.0,79.0,42.0,46.0,89.0,7.8,79.9,,Yes,High School,Yes,68.0
1480,18,Male,10th,Greenwood High,58.0,79.0,51.0,67.0,71.0,3.4,63.5,Group B,Yes,Bachelor,Yes,65.2
1481,14,Female,11th,Greenwood High,98.0,54.0,42.0,43.0,70.0,2.5,57.5,Group A,Yes,Bachelor,No,61.4
1482,17,Female,11th,Greenwood High,77.0,98.0,81.0,85.0,51.0,3.7,58.6,Group B,No,Master,Yes,78.4
1483,15,Male,11th,Sunrise Academy,55.0,37.0,66.0,51.0,86.0,1.2,99.7,Group B,Yes,,No,59.0
1484,18,Male,12th,Greenwood High,41.0,88.0,88.0,96.0,91.0,1.4,90.3,Group C,Yes,High School,Yes,80.8
1485,14,Female,10th,National Grammar,79.0,98.0,93.0,85.0,97.0,3.6,96.5,,Yes,Bachelor,Yes,90.4
1486,16,Male,11th,City Public School,56.0,74.0,41.0,48.0,82.0,6.2,63.8,Group A,No,High School,Yes,60.2
1487,14,Male,9th,Sunrise Academy,94.0,93.0,88.0,86.0,49.0,7.3,98.2,Group C,No,High School,No,82.0
1488,16,Female,11th,Greenwood High,73.0,89.0,55.0,73.0,67.0,,61.4,,Yes,Master,Yes,71.4
1489,17,Male,11th,City Public School,81.0,96.0,41.0,64.0,72.0,1.3,77.9,Group B,Yes,Bachelor,Yes,70.8
1490,15,Female,11th,Sunrise Academy,99.0,38.0,99.0,30.0,78.0,5.5,92.3,Group A,Yes,High School,No,68.8
1491,14,Male,12th,City Public School,55.0,94.0,93.0,81.0,97.0,5.3,70.7,,Yes,Bachelor,Yes,84.0
1492,18,Female,9th,Greenwood High,77.0,64.0,69.0,99.0,59.0,,74.1,Group B,Yes,Bachelor,Yes,73.6
1493,17,Male,10th,Greenwood High,99.0,36.0,59.0,66.0,76.0,6.7,60.8,Group C,Yes,Bachelor,Yes,67.2
1494,14,Male,9th,National Grammar,41.0,96.0,77.0,94.0,70.0,7.0,60.5,Group A,Yes,,Yes,75.6
1495,18,Female,10th,Greenwood High,,83.0,67.0,80.0,92.0,3.6,82.9,,Yes,,No,80.5
1496,14,Male,12th,Greenwood High,65.0,43.0,64.0,30.0,75.0,5.7,85.4,Group C,No,Bachelor,No,55.4
1497,16,Female,12th,Sunrise Academy,52.0,65.0,71.0,50.0,63.0,2.5,90.0,Group B,Yes,,No,60.2
1498,14,Male,12th,National Grammar,95.0,95.0,49.0,82.0,53.0,8.0,80.1,Group B,Yes,,No,74.8
1499,14,Female,12th,Sunrise Academy,86.0,82.0,99.0,45.0,73.0,1.8,84.1,,Yes,Master,Yes,77.0
1500,14,Female,10th,City Public School,70.0,59.0,81.0,90.0,98.0,0.6,55.6,Group B,Yes,Bachelor,No,79.6
1501,17,Female,11th,Greenwood High,99.0,70.0,79.0,83.0,95.0,1.6,62.3,Group A,Yes,Bachelor,Yes,85.2
1502,14,Female,10th,City Public School,73.0,42.0,72.0,69.0,83.0,6.3,99.3,,No,Bachelor,Yes,67.8
1503,18,Male,9th,Sunrise Academy,78.0,92.0,52.0,55.0,48.0,3.9,58.4,Group C,Yes,Master,Yes,65.0
1504,16,Male,12th,Greenwood High,42.0,79.0,95.0,94.0,47.0,3.9,85.5,,No,Master,Yes,71.4
1505,16,Female,12th,Greenwood High,47.0,96.0,80.0,93.0,73.0,7.7,62.9,,Yes,Bachelor,No,77.8
1506,14,Female,9th,Sunrise Academy,62.0,73.0,93.0,72.0,96.0,7.4,87.3,Group C,Yes,High School,Yes,79.2
1507,17,Female,10th,Sunrise Academy,53.0,92.0,81.0,46.0,55.0,2.8,86.8,Group B,Yes,High School,Yes,65.4
1508,17,Male,11th,Sunrise Academy,95.0,98.0,86.0,88.0,77.0,2.1,65.5,Group C,Yes,High School,Yes,88.8
1509,18,Male,11th,Sunrise Academy,94.0,78.0,76.0,52.0,82.0,6.9,67.1,Group A,Yes,High School,Yes,76.4
1510,14,Male,9th,Sunrise Academy,66.0,63.0,93.0,36.0,55.0,7.3,84.5,Group B,No,Bachelor,Yes,62.6
1511,16,Male,11th,Greenwood High,93.0,93.0,55.0,73.0,71.0,4.6,72.6,,No,Bachelor,No,77.0
1512,17,Female,10th,Sunrise Academy,68.0,43.0,84.0,82.0,77.0,5.2,63.8,Group B,No,Master,Yes,70.8
1513,14,Female,10th,Greenwood High,78.0,40.0,61.0,63.0,65.0,2.4,87.9,Group B,Yes,Bachelor,No,61.4
1514,17,Female,9th,Greenwood High,92.0,63.0,96.0,75.0,83.0,6.5,61.9,Group A,No,Bachelor,Yes,81.8
1515,17,Male,10th,Sunrise Academy,78.0,92.0,59.0,97.0,75.0,,93.5,Group B,Yes,High School,Yes,80.2
1516,16,Male,12th,Sunrise Academy,40.0,51.0,89.0,45.0,82.0,4.3,78.2,Group B,Yes,,No,61.4
1517,15,Male,9th,National Grammar,56.0,50.0,82.0,48.0,90.0,,59.8,Group B,Yes,,No,65.2
1518,18,Female,10th,Greenwood High,80.0,37.0,66.0,31.0,46.0,7.4,,,Yes,Bachelor,Yes,52.0
1519,18,Female,9th,Sunrise Academy,69.0,55.0,80.0,39.0,71.0,5.1,78.4,Group B,Yes,High School,No,62.8
1520,16,Male,11th,Sunrise Academy,92.0,98.0,55.0,79.0,80.0,1.9,68.4,Group C,Yes,Bachelor,No,80.8
1521,17,Female,10th,Sunrise Academy,52.0,70.0,73.0,41.0,55.0,5.0,74.0,Group B,Yes,Bachelor,No,58.2
1522,14,Male,12th,National Grammar,,96.0,71.0,99.0,91.0,5.6,68.4,Group A,No,High School,No,89.25
1523,17,Male,10th,National Grammar,58.0,76.0,65.0,51.0,62.0,4.4,66.8,Group B,Yes,High School,No,62.4
1524,16,Female,9th,City Public School,92.0,76.0,64.0,61.0,45.0,5.9,62.4,Group B,Yes,Bachelor,Yes,67.6
1525,18,Male,9th,Greenwood High,58.0,95.0,41.0,30.0,79.0,4.9,71.3,,No,High School,No,60.6
1526,17,Female,10th,City Public School,96.0,47.0,51.0,83.0,79.0,7.6,,Group C,No,Bachelor,Yes,71.2
1527,18,Male,12th,Sunrise Academy,64.0,45.0,79.0,87.0,75.0,0.9,85.8,Group B,Yes,Bachelor,No,70.0
1528,14,Female,12th,National Grammar,61.0,88.0,48.0,99.0,72.0,1.3,85.8,Group C,No,Bachelor,Yes,73.6
1529,18,Female,12th,National Grammar,70.0,50.0,51.0,47.0,83.0,1.8,77.6,Group A,No,Bachelor,Yes,60.2
1530,18,Female,9th,City Public School,,42.0,65.0,35.0,45.0,5.7,90.0,,No,Bachelor,Yes,46.75
1531,15,Male,10th,National Grammar,94.0,93.0,48.0,74.0,69.0,5.3,92.9,Group C,No,Master,Yes,75.6
1532,15,Male,11th,Sunrise Academy,62.0,91.0,49.0,52.0,87.0,7.2,81.1,,Yes,High School,Yes,68.2
1533,15,Female,9th,National Grammar,71.0,74.0,71.0,52.0,82.0,6.0,82.9,Group B,Yes,Bachelor,Yes,70.0
1534,18,Female,12th,City Public School,49.0,93.0,96.0,55.0,64.0,4.3,67.7,Group A,Yes,High School,No,71.4
1535,16,Male,10th,Sunrise Academy,49.0,36.0,73.0,36.0,47.0,7.9,95.3,,Yes,High School,No,48.2
1536,18,Male,12th,City Public School,75.0,44.0,87.0,73.0,95.0,,56.1,Group B,Yes,High School,Yes,74.8
1537,16,Male,11th,National Grammar,47.0,78.0,59.0,56.0,46.0,,70.7,Group C,Yes,Bachelor,No,57.2
1538,16,Female,12th,City Public School,93.0,45.0,78.0,55.0,62.0,3.7,87.5,Group A,Yes,High School,Yes,66.6
1539,15,Male,12th,City Public School,91.0,36.0,99.0,65.0,88.0,5.4,58.6,Group A,Yes,High School,Yes,75.8
1540,17,Male,11th,Greenwood High,59.0,84.0,41.0,84.0,54.0,6.0,63.2,Group C,Yes,Master,No,64.4
1541,14,Female,10th,National Grammar,71.0,46.0,40.0,93.0,49.0,5.3,81.5,Group C,No,Bachelor,No,59.8
1542,15,Male,9th,National Grammar,89.0,57.0,90.0,86.0,53.0,1.6,80.2,Group A,Yes,Bachelor,Yes,75.0
1543,15,Male,10th,City Public School,53.0,52.0,99.0,98.0,46.0,3.8,88.3,,Yes,Bachelor,Yes,69.6
1544,17,Male,11th,Greenwood High,89.0,96.0,75.0,90.0,78.0,,91.6,Group A,Yes,Master,Yes,85.6
1545,14,Female,12th,National Grammar,67.0,96.0,63.0,31.0,82.0,6.9,60.8,Group C,Yes,Bachelor,Yes,67.8
1546,18,Female,10th,Sunrise Academy,85.0,72.0,93.0,84.0,75.0,3.8,55.8,,No,High School,Yes,81.8
1547,18,Female,9th,City Public School,91.0,72.0,66.0,67.0,54.0,7.4,86.0,Group B,Yes,Master,No,70.0
1548,15,Female,11th,National Grammar,92.0,95.0,41.0,58.0,94.0,3.8,68.6,Group A,Yes,Bachelor,No,76.0
1549,14,Female,10th,Sunrise Academy,63.0,35.0,70.0,55.0,56.0,4.6,83.2,Group C,Yes,High School,No,55.8
1550,15,Female,9th,National Grammar,54.0,79.0,96.0,64.0,80.0,6.5,61.8,Group B,Yes,Bachelor,Yes,74.6
1551,16,Female,11th,Sunrise Academy,61.0,62.0,53.0,96.0,98.0,4.9,76.1,Group A,Yes,High School,No,74.0
1552,15,Male,9th,City Public School,69.0,55.0,41.0,58.0,65.0,7.7,77.7,Group A,Yes,Master,Yes,57.6
1553,15,Male,11th,National Grammar,43.0,47.0,68.0,63.0,93.0,5.5,,,Yes,High School,Yes,62.8
1554,18,Female,12th,National Grammar,52.0,61.0,54.0,70.0,91.0,4.4,78.1,Group C,No,Master,Yes,65.6
1555,18,Male,10th,Greenwood High,98.0,41.0,51.0,70.0,50.0,0.7,77.3,Group B,Yes,Master,No,62.0
1556,18,Male,9th,City Public School,62.0,56.0,76.0,52.0,92.0,3.6,70.0,Group A,Yes,Bachelor,No,67.6
1557,16,Female,11th,Sunrise Academy,47.0,87.0,67.0,32.0,93.0,,58.2,,Yes,Bachelor,Yes,65.2
1558,18,Male,9th,National Grammar,57.0,38.0,59.0,87.0,47.0,6.1,59.0,Group B,Yes,High School,Yes,57.6
1559,14,Male,9th,National Grammar,51.0,57.0,78.0,61.0,54.0,2.1,74.5,Group B,Yes,,Yes,60.2
1560,17,Male,10th,Sunrise Academy,94.0,67.0,63.0,60.0,49.0,2.0,71.0,Group A,Yes,,No,66.6
1561,14,Male,12th,City Public School,70.0,62.0,60.0,72.0,90.0,,78.2,Group B,No,Bachelor,Yes,70.8
1562,14,Male,9th,Greenwood High,53.0,42.0,49.0,36.0,70.0,1.4,68.7,Group A,Yes,Bachelor,Yes,50.0
1563,18,Female,11th,Greenwood High,73.0,35.0,85.0,30.0,65.0,2.8,86.0,,No,High School,No,57.6
1564,17,Female,11th,National Grammar,57.0,71.0,53.0,90.0,89.0,7.1,93.9,,Yes,,Yes,72.0
1565,17,Female,12th,Sunrise Academy,,97.0,76.0,43.0,70.0,6.3,68.4,Group B,No,Master,Yes,71.5
1566,17,Male,11th,National Grammar,73.0,56.0,57.0,81.0,82.0,6.0,63.7,Group A,Yes,High School,Yes,69.8
1567,16,Female,12th,Sunrise Academy,50.0,55.0,63.0,35.0,88.0,6.5,60.2,Group C,Yes,Master,No,58.2
1568,18,Male,11th,Greenwood High,80.0,69.0,53.0,39.0,70.0,2.5,82.7,,Yes,High School,Yes,62.2
1569,17,Male,10th,City Public School,51.0,39.0,73.0,59.0,52.0,7.2,75.0,Group A,No,,No,54.8
1570,16,Male,9th,Sunrise Academy,88.0,94.0,97.0,50.0,49.0,1.5,63.5,Group A,No,,No,75.6
1571,15,Male,10th,Greenwood High,54.0,80.0,51.0,89.0,59.0,3.0,84.4,Group A,Yes,Bachelor,Yes,66.6
1572,15,Female,9th,National Grammar,96.0,84.0,61.0,92.0,60.0,4.9,61.7,Group B,Yes,Bachelor,Yes,78.6
1573,16,Female,9th,Sunrise Academy,70.0,82.0,95.0,71.0,45.0,1.3,79.9,Group C,Yes,High School,Yes,72.6
1574,16,Male,9th,City Public School,88.0,40.0,45.0,80.0,60.0,6.0,,Group B,Yes,Bachelor,Yes,62.6
1575,18,Female,10th,National Grammar,97.0,,75.0,93.0,81.0,3.4,88.0,,Yes,Bachelor,No,86.5
1576,18,Male,9th,National Grammar,68.0,93.0,84.0,85.0,47.0,6.4,57.5,Group B,No,,No,75.4
1577,15,Female,10th,Greenwood High,65.0,63.0,75.0,70.0,96.0,4.2,95.0,Group A,Yes,Bachelor,Yes,73.8
1578,17,Female,12th,Sunrise Academy,57.0,52.0,61.0,61.0,91.0,,86.6,Group B,Yes,,Yes,64.4
1579,15,Male,11th,National Grammar,71.0,36.0,53.0,44.0,75.0,6.0,64.7,Group A,Yes,Bachelor,Yes,55.8
1580,17,Female,11th,City Public School,61.0,42.0,55.0,91.0,57.0,2.4,63.3,Group C,Yes,Master,Yes,61.2
1581,17,Male,9th,Sunrise Academy,77.0,88.0,75.0,56.0,60.0,4.2,74.4,Group B,Yes,Master,Yes,71.2
1582,18,Female,10th,City Public School,56.0,72.0,95.0,57.0,99.0,1.1,91.8,Group B,Yes,Master,Yes,75.8
1583,14,Male,11th,National Grammar,62.0,82.0,64.0,93.0,87.0,5.1,92.9,Group B,Yes,High School,No,77.6
1584,14,Male,10th,City Public School,63.0,61.0,71.0,88.0,65.0,5.5,78.4,Group A,No,Bachelor,Yes,69.6
1585,16,Female,10th,Greenwood High,89.0,54.0,72.0,87.0,46.0,3.3,93.7,Group A,Yes,Bachelor,Yes,69.6
1586,18,Female,9th,City Public School,47.0,46.0,84.0,31.0,98.0,7.7,55.2,Group B,Yes,,No,61.2
1587,17,Male,11th,Sunrise Academy,80.0,77.0,75.0,65.0,71.0,7.1,56.6,Group B,Yes,Bachelor,Yes,73.6
1588,14,Female,9th,City Public School,45.0,95.0,59.0,42.0,82.0,5.8,96.0,Group C,No,Bachelor,Yes,64.6
1589,17,Female,9th,City Public School,44.0,65.0,57.0,44.0,70.0,5.9,89.9,Group C,No,High School,Yes,56.0
1590,14,Male,11th,Greenwood High,83.0,95.0,77.0,89.0,82.0,2.4,75.3,,Yes,,Yes,85.2
1591,14,Male,11th,City Public School,96.0,69.0,42.0,51.0,90.0,5.4,88.9,Group C,Yes,Bachelor,No,69.6
1592,14,Female,12th,City Public School,68.0,49.0,62.0,92.0,69.0,2.0,98.0,Group C,No,,No,68.0
1593,18,Male,12th,National Grammar,67.0,50.0,71.0,54.0,55.0,1.6,89.7,Group C,Yes,,No,59.4
1594,15,Male,10th,National Grammar,50.0,47.0,84.0,77.0,52.0,,92.9,Group A,Yes,High School,No,62.0
1595,17,Male,11th,Sunrise Academy,96.0,69.0,98.0,72.0,52.0,5.2,89.2,Group C,No,,Yes,77.4
1596,18,Female,12th,National Grammar,40.0,93.0,55.0,67.0,77.0,3.7,62.6,Group C,No,Master,No,66.4
1597,18,Female,10th,National Grammar,82.0,55.0,98.0,70.0,97.0,2.7,92.5,Group B,Yes,Bachelor,No,80.4
1598,18,Male,10th,National Grammar,58.0,88.0,44.0,74.0,51.0,5.0,63.8,Group A,Yes,Bachelor,Yes,63.0
1599,18,Female,10th,National Grammar,48.0,,43.0,69.0,82.0,0.9,,,Yes,Master,Yes,60.5
1600,18,Male,12th,Greenwood High,,82.0,60.0,46.0,65.0,1.2,75.6,,Yes,Bachelor,Yes,63.25
1601,16,Female,11th,National Grammar,73.0,69.0,79.0,86.0,52.0,0.7,85.5,Group C,No,High School,Yes,71.8
1602,17,Male,9th,Greenwood High,83.0,72.0,90.0,31.0,95.0,4.2,77.4,,No,Bachelor,Yes,74.2
1603,18,Male,10th,Greenwood High,43.0,65.0,53.0,91.0,98.0,5.0,59.2,,No,High School,No,70.0
1604,17,Female,12th,National Grammar,75.0,58.0,78.0,38.0,65.0,1.0,68.1,,Yes,High School,No,62.8
1605,16,Male,12th,City Public School,57.0,83.0,70.0,97.0,64.0,5.9,99.3,Group C,Yes,Bachelor,Yes,74.2
1606,16,Female,9th,Greenwood High,54.0,66.0,53.0,46.0,52.0,2.2,98.2,,Yes,Bachelor,Yes,54.2
1607,17,Female,9th,City Public School,90.0,89.0,45.0,79.0,90.0,5.6,69.4,Group C,Yes,Bachelor,No,78.6
1608,14,Male,12th,City Public School,,92.0,51.0,69.0,75.0,7.9,99.8,Group B,No,Master,No,71.75
1609,15,Male,11th,National Grammar,58.0,37.0,55.0,87.0,94.0,5.7,93.0,Group B,Yes,Bachelor,Yes,66.2
1610,14,Female,9th,Sunrise Academy,88.0,,56.0,50.0,73.0,7.1,82.5,,Yes,Bachelor,No,66.75
1611,14,Male,12th,National Grammar,45.0,59.0,84.0,47.0,92.0,7.6,56.8,Group B,Yes,Master,No,65.4
1612,14,Male,9th,Sunrise Academy,87.0,95.0,62.0,84.0,53.0,4.2,95.6,Group C,No,,No,76.2
1613,18,Male,11th,Sunrise Academy,95.0,63.0,53.0,58.0,59.0,5.8,80.1,Group B,No,High School,Yes,65.6
1614,16,Male,10th,National Grammar,51.0,53.0,46.0,53.0,74.0,6.9,94.1,,No,Bachelor,Yes,55.4
1615,14,Male,9th,National Grammar,90.0,77.0,85.0,46.0,70.0,3.2,92.5,Group C,Yes,Bachelor,No,73.6
1616,16,Female,11th,Sunrise Academy,76.0,95.0,71.0,47.0,54.0,2.5,92.5,Group A,Yes,High School,Yes,68.6
1617,17,Female,12th,National Grammar,56.0,77.0,54.0,71.0,73.0,7.6,86.4,Group C,Yes,High School,No,66.2
1618,15,Male,9th,Sunrise Academy,97.0,59.0,83.0,74.0,98.0,,68.1,Group B,Yes,High School,Yes,82.2
1619,17,Male,9th,City Public School,62.0,54.0,56.0,46.0,60.0,2.1,70.1,Group A,Yes,Bachelor,Yes,55.6
1620,17,Male,12th,National Grammar,65.0,82.0,80.0,43.0,80.0,3.9,68.9,Group C,Yes,Bachelor,Yes,70.0
1621,18,Female,10th,City Public School,68.0,58.0,93.0,78.0,64.0,6.5,55.9,Group A,Yes,,Yes,72.2
1622,15,Male,12th,Greenwood High,72.0,45.0,86.0,58.0,89.0,4.6,81.2,Group A,Yes,Bachelor,No,70.0
1623,17,Female,9th,City Public School,99.0,89.0,83.0,33.0,98.0,5.4,86.4,Group A,Yes,Bachelor,Yes,80.4
1624,17,Female,12th,City Public School,66.0,62.0,73.0,49.0,81.0,6.2,93.4,Group C,Yes,Bachelor,No,66.2
1625,15,Female,11th,Sunrise Academy,,97.0,44.0,76.0,66.0,5.2,61.3,Group B,Yes,High School,No,70.75
1626,15,Male,12th,City Public School,95.0,93.0,84.0,38.0,51.0,,79.5,Group C,Yes,High School,Yes,72.2
1627,17,Female,9th,National Grammar,94.0,39.0,66.0,56.0,67.0,6.1,55.4,Group B,Yes,Bachelor,No,64.4
1628,15,Male,12th,Sunrise Academy,49.0,85.0,91.0,44.0,85.0,6.0,59.3,Group C,Yes,High School,Yes,70.8
1629,17,Female,10th,Greenwood High,86.0,55.0,62.0,48.0,84.0,5.2,57.4,Group C,No,Bachelor,No,67.0
1630,17,Male,12th,National Grammar,62.0,46.0,79.0,81.0,73.0,3.2,87.6,Group C,No,Bachelor,Yes,68.2
1631,18,Female,10th,Greenwood High,60.0,84.0,98.0,55.0,60.0,3.5,58.6,Group B,Yes,High School,Yes,71.4
1632,14,Male,11th,City Public School,60.0,38.0,53.0,55.0,82.0,7.8,87.2,Group C,Yes,Master,Yes,57.6
1633,17,Female,10th,National Grammar,82.0,76.0,54.0,55.0,72.0,1.3,66.2,Group A,Yes,Bachelor,No,67.8
1634,16,Male,12th,National Grammar,52.0,72.0,82.0,75.0,92.0,2.5,94.5,Group C,Yes,High School,No,74.6
1635,14,Male,9th,Greenwood High,76.0,59.0,72.0,78.0,82.0,4.2,91.6,Group A,No,Bachelor,Yes,73.4
1636,14,Male,10th,National Grammar,72.0,48.0,92.0,82.0,75.0,6.8,98.1,,Yes,Bachelor,Yes,73.8
1637,14,Male,11th,National Grammar,,66.0,70.0,32.0,58.0,1.7,94.8,,Yes,High School,Yes,56.5
1638,18,Female,10th,National Grammar,,45.0,74.0,95.0,97.0,2.6,97.0,Group B,Yes,,No,77.75
1639,17,Female,10th,City Public School,50.0,95.0,56.0,71.0,77.0,,93.6,Group B,Yes,Bachelor,Yes,69.8
1640,18,Male,10th,Greenwood High,56.0,52.0,67.0,48.0,53.0,5.8,86.2,,Yes,Master,No,55.2
1641,17,Female,11th,National Grammar,43.0,61.0,58.0,46.0,71.0,2.3,62.7,Group C,Yes,Bachelor,Yes,55.8
1642,18,Male,12th,Sunrise Academy,86.0,89.0,85.0,62.0,68.0,3.4,67.2,Group C,Yes,Master,Yes,78.0
1643,18,Male,10th,Sunrise Academy,,88.0,93.0,78.0,57.0,3.8,64.6,Group C,Yes,Bachelor,No,79.0
1644,16,Female,10th,Sunrise Academy,69.0,55.0,62.0,85.0,70.0,,82.2,,No,High School,No,68.2
1645,18,Male,9th,Sunrise Academy,48.0,,71.0,92.0,73.0,3.6,,Group A,No,Bachelor,No,71.0
1646,15,Male,11th,City Public School,60.0,39.0,79.0,32.0,95.0,1.6,94.0,Group B,Yes,High School,Yes,61.0
1647,16,Female,10th,National Grammar,59.0,75.0,52.0,78.0,93.0,4.4,97.9,Group A,Yes,High School,No,71.4
1648,18,Male,11th,Greenwood High,58.0,93.0,98.0,84.0,87.0,7.7,73.2,,Yes,Bachelor,Yes,84.0
1649,14,Male,10th,National Grammar,58.0,88.0,59.0,55.0,72.0,5.1,77.8,Group A,Yes,Bachelor,No,66.4
1650,15,Male,12th,City Public School,51.0,56.0,74.0,81.0,72.0,7.9,98.7,Group C,Yes,High School,Yes,66.8
1651,15,Male,12th,Sunrise Academy,76.0,99.0,44.0,36.0,52.0,6.8,67.4,Group C,Yes,Master,Yes,61.4
1652,15,Female,10th,City Public School,81.0,98.0,48.0,75.0,67.0,0.8,90.7,Group A,No,Bachelor,Yes,73.8
1653,16,Female,12th,National Grammar,56.0,38.0,68.0,75.0,73.0,5.4,65.1,,Yes,Master,Yes,62.0
1654,18,Female,10th,Greenwood High,76.0,99.0,45.0,45.0,49.0,,85.7,Group A,Yes,High School,Yes,62.8
1655,18,Male,12th,City Public School,93.0,49.0,64.0,53.0,86.0,4.7,66.4,Group C,Yes,Master,No,69.0
1656,14,Male,9th,Greenwood High,87.0,56.0,70.0,90.0,51.0,2.6,94.8,Group C,Yes,High School,No,70.8
1657,14,Female,9th,City Public School,78.0,81.0,61.0,83.0,86.0,3.1,80.3,,Yes,,No,77.8
1658,15,Male,9th,Greenwood High,67.0,80.0,41.0,91.0,80.0,7.4,63.4,Group A,No,Bachelor,Yes,71.8
1659,14,Male,11th,Greenwood High,80.0,48.0,84.0,30.0,85.0,2.0,65.1,Group C,No,Bachelor,Yes,65.4
1660,16,Male,11th,Sunrise Academy,74.0,84.0,44.0,78.0,71.0,7.1,77.2,Group C,Yes,Bachelor,No,70.2
1661,18,Male,9th,Greenwood High,86.0,54.0,99.0,54.0,90.0,0.7,98.3,Group A,Yes,Bachelor,Yes,76.6
1662,15,Female,11th,Sunrise Academy,87.0,,66.0,39.0,46.0,1.2,89.6,Group A,No,,Yes,59.5
1663,14,Female,12th,National Grammar,57.0,67.0,64.0,45.0,69.0,6.9,,Group B,Yes,Bachelor,No,60.4
1664,16,Female,10th,National Grammar,53.0,93.0,47.0,87.0,53.0,5.2,70.2,,No,High School,Yes,66.6
1665,16,Male,10th,Sunrise Academy,74.0,77.0,94.0,58.0,97.0,6.1,79.7,,Yes,Bachelor,Yes,80.0
1666,14,Female,10th,Sunrise Academy,83.0,46.0,40.0,35.0,71.0,2.1,88.7,Group A,Yes,High School,No,55.0
1667,18,Female,9th,City Public School,80.0,74.0,59.0,45.0,45.0,4.5,90.3,,Yes,,Yes,60.6
1668,14,Male,11th,City Public School,99.0,54.0,83.0,49.0,67.0,6.0,69.6,Group C,Yes,Bachelor,No,70.4
1669,15,Male,12th,City Public School,46.0,72.0,62.0,72.0,54.0,5.2,87.5,Group A,No,Bachelor,Yes,61.2
1670,14,Female,12th,National Grammar,80.0,37.0,71.0,55.0,86.0,4.0,84.6,Group A,Yes,Master,No,65.8
1671,16,Female,9th,City Public School,52.0,62.0,50.0,62.0,96.0,7.7,98.2,Group A,Yes,Bachelor,Yes,64.4
1672,14,Female,12th,Greenwood High,57.0,90.0,78.0,55.0,69.0,5.6,96.9,Group B,Yes,,No,69.8
1673,18,Female,12th,Greenwood High,76.0,47.0,86.0,74.0,98.0,7.3,90.5,,No,,Yes,76.2
1674,17,Male,12th,City Public School,52.0,71.0,93.0,92.0,47.0,6.0,87.6,Group B,Yes,Bachelor,No,71.0
1675,14,Female,12th,Greenwood High,,83.0,63.0,96.0,50.0,6.0,67.3,Group C,No,High School,Yes,73.0
1676,18,Female,11th,National Grammar,70.0,70.0,50.0,81.0,50.0,1.1,93.1,,Yes,Bachelor,Yes,64.2
1677,18,Male,12th,Greenwood High,41.0,88.0,68.0,97.0,97.0,3.2,74.2,Group B,Yes,High School,No,78.2
1678,16,Female,10th,National Grammar,55.0,60.0,93.0,55.0,46.0,6.9,67.3,Group A,Yes,High School,Yes,61.8
1679,18,Male,9th,Sunrise Academy,48.0,74.0,65.0,31.0,62.0,2.2,72.3,Group B,Yes,Bachelor,Yes,56.0
1680,18,Male,11th,Sunrise Academy,,77.0,55.0,43.0,67.0,1.4,92.6,Group A,Yes,Master,Yes,60.5
1681,18,Male,12th,Sunrise Academy,77.0,56.0,74.0,59.0,46.0,2.9,61.7,Group B,Yes,Bachelor,Yes,62.4
1682,18,Female,11th,Sunrise Academy,50.0,54.0,59.0,78.0,56.0,2.2,75.5,Group B,Yes,Master,Yes,59.4
1683,15,Female,12th,Greenwood High,,42.0,85.0,41.0,66.0,7.4,77.2,Group B,Yes,Master,Yes,58.5
1684,15,Male,10th,City Public School,95.0,63.0,42.0,73.0,81.0,7.0,56.6,Group A,Yes,High School,Yes,70.8
1685,16,Female,9th,Greenwood High,61.0,74.0,40.0,62.0,64.0,4.2,63.8,Group B,Yes,High School,No,60.2
1686,14,Female,12th,National Grammar,72.0,64.0,97.0,42.0,83.0,1.0,92.2,,Yes,Bachelor,Yes,71.6
1687,18,Male,12th,Greenwood High,75.0,89.0,92.0,55.0,68.0,,92.4,,Yes,Master,Yes,75.8
1688,14,Male,12th,Greenwood High,84.0,50.0,86.0,50.0,92.0,5.2,68.2,,No,,No,72.4
1689,14,Female,12th,National Grammar,62.0,80.0,40.0,57.0,64.0,7.8,94.4,Group A,Yes,Master,No,60.6
1690,16,Male,9th,Sunrise Academy,84.0,96.0,56.0,77.0,45.0,4.7,89.7,Group A,Yes,,Yes,71.6
1691,18,Female,9th,Sunrise Academy,84.0,41.0,41.0,69.0,45.0,3.0,,,Yes,High School,Yes,56.0
1692,18,Female,10th,Sunrise Academy,,79.0,68.0,95.0,61.0,4.4,88.7,,Yes,Bachelor,No,75.75
1693,17,Female,9th,City Public School,48.0,93.0,59.0,52.0,45.0,7.8,98.3,,Yes,,Yes,59.4
1694,14,Female,12th,National Grammar,63.0,90.0,45.0,77.0,97.0,5.7,75.7,Group C,Yes,High School,Yes,74.4
1695,14,Male,10th,National Grammar,47.0,82.0,47.0,31.0,96.0,5.5,65.7,,Yes,High School,Yes,60.6
1696,15,Male,10th,Greenwood High,46.0,61.0,68.0,49.0,89.0,2.3,97.4,Group B,Yes,,No,62.6
1697,17,Male,10th,City Public School,75.0,87.0,87.0,88.0,74.0,6.1,82.2,Group C,No,Bachelor,Yes,82.2
1698,15,Male,12th,Sunrise Academy,57.0,69.0,90.0,75.0,85.0,6.1,59.7,Group C,No,Master,No,75.2
1699,15,Female,11th,City Public School,42.0,85.0,72.0,32.0,91.0,2.9,80.8,Group A,Yes,Master,No,64.4
1700,15,Female,12th,National Grammar,67.0,71.0,42.0,84.0,47.0,4.1,77.5,Group B,Yes,Bachelor,Yes,62.2
1701,16,Male,9th,National Grammar,45.0,91.0,99.0,41.0,90.0,2.7,93.5,Group A,No,Bachelor,No,73.2
1702,16,Female,9th,Greenwood High,83.0,42.0,74.0,69.0,99.0,2.4,78.9,Group A,No,Bachelor,Yes,73.4
1703,15,Female,12th,Greenwood High,83.0,54.0,44.0,95.0,55.0,,66.5,Group B,Yes,High School,Yes,66.2
1704,17,Female,12th,National Grammar,60.0,87.0,66.0,45.0,68.0,2.6,,Group A,Yes,,Yes,65.2
1705,14,Male,10th,Sunrise Academy,67.0,46.0,83.0,63.0,66.0,4.7,79.4,Group B,No,High School,Yes,65.0
1706,17,Male,12th,Sunrise Academy,79.0,83.0,51.0,73.0,88.0,0.5,65.5,Group B,Yes,Bachelor,Yes,74.8
1707,18,Male,10th,City Public School,,51.0,59.0,35.0,89.0,2.6,80.8,Group A,Yes,Master,Yes,58.5
1708,16,Female,9th,National Grammar,93.0,98.0,84.0,93.0,70.0,7.1,,,Yes,Bachelor,Yes,87.6
1709,14,Male,10th,National Grammar,40.0,76.0,59.0,51.0,57.0,5.0,56.3,Group A,No,Bachelor,Yes,56.6
1710,14,Male,12th,Sunrise Academy,75.0,63.0,48.0,47.0,45.0,5.1,83.4,Group C,No,High School,Yes,55.6
1711,18,Male,9th,Sunrise Academy,60.0,53.0,78.0,41.0,68.0,3.5,70.7,Group A,Yes,Bachelor,No,60.0
1712,18,Male,11th,National Grammar,99.0,45.0,43.0,81.0,54.0,5.6,68.2,Group B,Yes,Bachelor,Yes,64.4
1713,15,Male,10th,Greenwood High,,84.0,90.0,80.0,79.0,1.9,72.7,Group C,Yes,Bachelor,No,83.25
1714,16,Male,9th,National Grammar,74.0,92.0,93.0,77.0,68.0,6.6,70.4,Group B,No,High School,Yes,80.8
1715,16,Female,10th,National Grammar,52.0,68.0,58.0,48.0,72.0,1.4,92.5,,Yes,Master,Yes,59.6
1716,17,Female,9th,Sunrise Academy,96.0,54.0,77.0,35.0,80.0,5.4,67.4,,No,Bachelor,Yes,68.4
1717,15,Male,9th,Sunrise Academy,88.0,84.0,66.0,56.0,60.0,3.1,88.0,Group C,Yes,Master,Yes,70.8
1718,15,Male,10th,Greenwood High,93.0,44.0,84.0,82.0,84.0,6.1,59.2,,No,Bachelor,Yes,77.4
1719,15,Female,11th,Greenwood High,93.0,66.0,82.0,77.0,60.0,4.6,97.8,,Yes,Master,Yes,75.6
1720,15,Female,9th,City Public School,49.0,86.0,52.0,36.0,61.0,3.9,83.0,Group A,Yes,High School,No,56.8
1721,16,Male,9th,National Grammar,92.0,49.0,52.0,88.0,95.0,1.8,86.8,Group A,Yes,,No,75.2
1722,16,Male,9th,Sunrise Academy,83.0,37.0,99.0,98.0,98.0,,68.4,,Yes,High School,Yes,83.0
1723,15,Male,11th,Greenwood High,86.0,71.0,96.0,40.0,59.0,7.8,73.5,,No,High School,No,70.4
1724,17,Male,11th,City Public School,92.0,74.0,61.0,44.0,60.0,6.7,65.1,Group A,Yes,Bachelor,Yes,66.2
1725,14,Female,12th,City Public School,49.0,74.0,67.0,93.0,59.0,1.0,97.0,,Yes,Bachelor,Yes,68.4
1726,14,Male,10th,Sunrise Academy,85.0,90.0,91.0,32.0,78.0,3.3,77.0,,Yes,Bachelor,No,75.2
1727,17,Male,11th,Sunrise Academy,52.0,57.0,86.0,98.0,55.0,7.4,83.4,Group B,No,High School,Yes,69.6
1728,15,Male,10th,City Public School,,45.0,92.0,52.0,45.0,4.3,88.0,,Yes,Master,Yes,58.5
1729,16,Male,12th,Greenwood High,77.0,98.0,84.0,82.0,59.0,5.5,71.7,Group C,Yes,,Yes,80.0
1730,14,Female,10th,City Public School,63.0,42.0,61.0,66.0,70.0,7.3,87.4,Group B,No,High School,Yes,60.4
1731,18,Female,11th,National Grammar,41.0,90.0,82.0,38.0,95.0,7.1,85.4,Group C,Yes,Bachelor,Yes,69.2
1732,18,Female,10th,National Grammar,61.0,94.0,58.0,44.0,48.0,4.3,86.8,,Yes,Bachelor,Yes,61.0
1733,17,Male,11th,Sunrise Academy,56.0,44.0,47.0,32.0,87.0,3.8,77.0,Group A,Yes,High School,Yes,53.2
1734,15,Male,10th,Greenwood High,75.0,73.0,91.0,99.0,49.0,3.0,72.2,Group B,Yes,,Yes,77.4
1735,14,Female,11th,Greenwood High,53.0,62.0,47.0,46.0,79.0,5.9,65.0,Group A,No,Bachelor,No,57.4
1736,15,Male,11th,National Grammar,49.0,83.0,81.0,55.0,57.0,2.7,92.1,Group B,No,,Yes,65.0
1737,14,Male,10th,City Public School,74.0,70.0,65.0,50.0,54.0,2.4,82.4,Group A,Yes,High School,No,62.6
1738,17,Female,12th,Sunrise Academy,64.0,47.0,87.0,50.0,55.0,,75.0,Group B,Yes,Bachelor,No,60.6
1739,17,Female,9th,City Public School,42.0,70.0,90.0,40.0,62.0,1.8,97.5,Group B,Yes,High School,No,60.8
1740,18,Female,12th,City Public School,86.0,60.0,65.0,67.0,78.0,5.7,57.2,Group C,Yes,High School,No,71.2
1741,15,Female,10th,City Public School,77.0,38.0,62.0,64.0,83.0,5.1,93.3,Group A,Yes,Bachelor,Yes,64.8
1742,18,Male,12th,Greenwood High,56.0,98.0,82.0,43.0,85.0,4.1,99.9,Group C,No,Master,Yes,72.8
1743,15,Male,11th,National Grammar,51.0,72.0,52.0,43.0,86.0,3.4,94.9,Group C,Yes,Master,Yes,60.8
1744,18,Female,9th,Greenwood High,93.0,56.0,67.0,39.0,94.0,7.3,91.5,Group A,Yes,High School,No,69.8
1745,16,Male,10th,National Grammar,91.0,36.0,48.0,41.0,67.0,0.7,71.8,Group B,No,High School,Yes,56.6
1746,16,Female,10th,Sunrise Academy,63.0,65.0,59.0,67.0,51.0,6.3,65.4,Group C,No,High School,Yes,61.0
1747,16,Female,10th,Sunrise Academy,,45.0,95.0,63.0,83.0,7.3,88.1,Group A,Yes,High School,Yes,71.5
1748,16,Male,9th,City Public School,82.0,80.0,58.0,70.0,47.0,3.8,68.7,Group B,No,Bachelor,No,67.4
1749,14,Female,11th,National Grammar,64.0,96.0,87.0,39.0,56.0,4.6,62.9,Group C,Yes,Bachelor,Yes,68.4
1750,16,Male,10th,National Grammar,,98.0,78.0,46.0,51.0,7.6,90.4,Group C,Yes,Bachelor,Yes,68.25
1751,17,Male,12th,National Grammar,97.0,44.0,90.0,46.0,93.0,2.1,69.1,Group C,Yes,High School,Yes,74.0
1752,17,Male,10th,City Public School,99.0,74.0,51.0,96.0,70.0,4.4,96.1,Group B,Yes,High School,No,78.0
1753,14,Male,10th,City Public School,65.0,58.0,54.0,91.0,77.0,4.1,92.8,Group C,Yes,Bachelor,Yes,69.0
1754,16,Female,10th,Sunrise Academy,77.0,78.0,70.0,30.0,81.0,,93.1,Group B,No,High School,Yes,67.2
1755,16,Male,10th,Greenwood High,40.0,,94.0,41.0,92.0,6.6,89.7,,No,Bachelor,No,66.75
1756,16,Female,11th,National Grammar,59.0,96.0,53.0,33.0,59.0,7.2,94.6,Group C,Yes,Bachelor,Yes,60.0
1757,18,Female,12th,National Grammar,94.0,51.0,50.0,71.0,46.0,6.4,91.3,,Yes,Bachelor,No,62.4
1758,15,Female,11th,Greenwood High,67.0,,65.0,42.0,85.0,2.0,82.1,Group A,Yes,Bachelor,Yes,64.75
1759,18,Female,12th,National Grammar,55.0,,81.0,33.0,51.0,1.2,68.3,Group C,Yes,Bachelor,Yes,55.0
1760,15,Male,10th,City Public School,86.0,89.0,66.0,98.0,76.0,5.0,95.0,Group A,No,High School,No,83.0
1761,16,Male,9th,City Public School,56.0,87.0,50.0,48.0,48.0,0.9,92.8,Group A,Yes,,No,57.8
1762,16,Female,11th,National Grammar,79.0,90.0,77.0,31.0,64.0,5.5,76.3,Group A,Yes,Bachelor,Yes,68.2
1763,18,Female,9th,City Public School,67.0,43.0,73.0,41.0,94.0,,56.8,,Yes,High School,Yes,63.6
1764,18,Male,11th,City Public School,97.0,56.0,82.0,35.0,97.0,5.5,83.7,Group B,Yes,Bachelor,No,73.4
1765,15,Female,10th,National Grammar,51.0,47.0,58.0,37.0,80.0,4.9,57.3,,Yes,Bachelor,Yes,54.6
1766,17,Male,11th,Sunrise Academy,66.0,82.0,45.0,80.0,76.0,3.7,96.7,,Yes,Master,No,69.8
1767,15,Female,10th,Greenwood High,93.0,52.0,85.0,40.0,72.0,2.0,98.3,Group A,Yes,Master,No,68.4
1768,18,Male,11th,City Public School,92.0,74.0,91.0,92.0,57.0,2.8,63.5,Group C,Yes,,Yes,81.2
1769,18,Female,10th,Sunrise Academy,81.0,51.0,77.0,86.0,45.0,4.4,85.4,Group B,Yes,Master,No,68.0
1770,14,Female,10th,City Public School,98.0,49.0,88.0,41.0,79.0,5.4,59.2,Group A,Yes,,Yes,71.0
1771,18,Male,12th,City Public School,86.0,49.0,81.0,31.0,92.0,6.3,87.8,Group B,No,Bachelor,No,67.8
1772,14,Female,10th,Greenwood High,69.0,97.0,67.0,37.0,74.0,6.3,70.6,,No,,Yes,68.8
1773,17,Female,12th,City Public School,80.0,73.0,40.0,40.0,98.0,7.8,85.6,Group B,No,Master,No,66.2
1774,15,Male,10th,Greenwood High,73.0,47.0,74.0,82.0,80.0,2.6,71.8,Group B,Yes,High School,No,71.2
1775,15,Female,9th,Greenwood High,76.0,66.0,79.0,39.0,99.0,1.0,61.6,Group C,Yes,Bachelor,No,71.8
1776,14,Male,10th,Greenwood High,45.0,43.0,47.0,37.0,69.0,3.1,73.3,Group A,Yes,,No,48.2
1777,15,Male,9th,Sunrise Academy,46.0,74.0,98.0,65.0,60.0,6.1,60.1,Group B,No,Bachelor,Yes,68.6
1778,18,Female,9th,National Grammar,71.0,54.0,91.0,43.0,63.0,3.8,81.0,Group B,Yes,High School,Yes,64.4
1779,16,Female,10th,Sunrise Academy,71.0,97.0,93.0,83.0,45.0,6.6,56.8,,Yes,High School,No,77.8
1780,14,Female,9th,National Grammar,92.0,78.0,86.0,50.0,49.0,4.6,78.7,,Yes,High School,No,71.0
1781,15,Female,12th,National Grammar,64.0,,95.0,79.0,95.0,7.5,94.9,Group B,Yes,High School,No,83.25
1782,14,Female,11th,Greenwood High,72.0,94.0,46.0,68.0,66.0,7.6,92.7,Group A,Yes,High School,No,69.2
1783,14,Female,10th,City Public School,94.0,82.0,50.0,49.0,68.0,1.0,94.7,Group B,Yes,Bachelor,Yes,68.6
1784,16,Female,9th,Greenwood High,97.0,52.0,78.0,36.0,87.0,3.9,96.5,Group B,No,Bachelor,Yes,70.0
1785,18,Male,10th,City Public School,,50.0,43.0,38.0,89.0,5.1,59.7,Group C,Yes,Bachelor,Yes,55.0
1786,14,Female,12th,National Grammar,91.0,89.0,64.0,30.0,96.0,2.4,60.8,Group A,No,Bachelor,No,74.0
1787,15,Male,10th,Greenwood High,96.0,73.0,51.0,55.0,81.0,3.6,80.1,Group C,Yes,,Yes,71.2
1788,17,Female,10th,City Public School,51.0,93.0,65.0,67.0,97.0,5.6,95.2,Group A,No,High School,No,74.6
1789,14,Female,9th,Sunrise Academy,55.0,96.0,77.0,67.0,80.0,2.2,98.8,Group A,Yes,High School,Yes,75.0
1790,14,Male,12th,City Public School,55.0,47.0,85.0,90.0,80.0,5.0,57.1,Group A,Yes,Master,Yes,71.4
1791,16,Female,11th,Greenwood High,82.0,40.0,51.0,73.0,48.0,5.7,71.0,Group C,Yes,Master,Yes,58.8
1792,18,Female,11th,Sunrise Academy,92.0,94.0,82.0,73.0,80.0,1.2,64.6,Group C,Yes,,Yes,84.2
1793,17,Male,9th,City Public School,75.0,48.0,90.0,91.0,96.0,4.2,89.0,Group C,Yes,,No,80.0
1794,15,Female,10th,City Public School,52.0,88.0,92.0,35.0,97.0,2.5,83.8,,Yes,Master,Yes,72.8
1795,17,Female,9th,City Public School,46.0,38.0,76.0,46.0,62.0,5.9,,Group C,Yes,Master,Yes,53.6
1796,15,Female,9th,City Public School,75.0,73.0,85.0,80.0,94.0,1.9,76.8,,Yes,Master,Yes,81.4
1797,18,Male,9th,City Public School,86.0,59.0,92.0,67.0,60.0,7.2,85.8,,No,Bachelor,No,72.8
1798,15,Female,10th,Sunrise Academy,90.0,66.0,63.0,53.0,85.0,3.7,90.1,,No,Bachelor,No,71.4
1799,16,Female,12th,National Grammar,48.0,93.0,55.0,80.0,62.0,,55.9,Group B,Yes,High School,Yes,67.6
1800,16,Female,9th,Sunrise Academy,71.0,97.0,96.0,39.0,66.0,3.8,95.1,Group B,Yes,Bachelor,No,73.8
1801,16,Female,10th,Sunrise Academy,50.0,72.0,52.0,50.0,46.0,3.6,80.6,Group B,No,Bachelor,Yes,54.0
1802,16,Male,12th,Sunrise Academy,47.0,87.0,64.0,99.0,65.0,3.7,91.5,,Yes,Bachelor,Yes,72.4
1803,17,Male,9th,National Grammar,72.0,62.0,93.0,86.0,80.0,4.9,91.4,,Yes,Bachelor,No,78.6
1804,18,Female,11th,Greenwood High,62.0,37.0,93.0,68.0,88.0,4.4,63.5,Group A,Yes,High School,Yes,69.6
1805,15,Female,12th,National Grammar,64.0,56.0,96.0,62.0,83.0,1.6,60.0,,Yes,High School,No,72.2
1806,15,Male,9th,Sunrise Academy,95.0,72.0,91.0,88.0,91.0,1.0,87.5,Group B,Yes,High School,Yes,87.4
1807,16,Male,12th,City Public School,47.0,96.0,93.0,47.0,83.0,6.0,62.0,,Yes,High School,No,73.2
1808,16,Female,12th,City Public School,84.0,91.0,43.0,85.0,73.0,4.7,93.2,,Yes,Bachelor,Yes,75.2
1809,14,Male,12th,Sunrise Academy,61.0,40.0,50.0,86.0,98.0,3.2,87.7,Group A,Yes,Bachelor,Yes,67.0
1810,18,Female,12th,City Public School,98.0,66.0,71.0,77.0,70.0,6.6,92.9,,No,Bachelor,No,76.4
1811,17,Male,12th,Sunrise Academy,43.0,44.0,88.0,71.0,65.0,3.4,68.5,Group C,Yes,High School,Yes,62.2
1812,15,Male,12th,City Public School,79.0,37.0,46.0,56.0,61.0,6.5,69.2,Group A,Yes,,Yes,55.8
1813,14,Male,9th,National Grammar,42.0,93.0,85.0,81.0,60.0,2.8,85.2,,Yes,,Yes,72.2
1814,14,Male,11th,Greenwood High,68.0,83.0,97.0,71.0,75.0,1.0,56.4,,Yes,Bachelor,Yes,78.8
1815,15,Female,10th,Greenwood High,,93.0,50.0,61.0,95.0,,87.7,Group A,Yes,High School,Yes,74.75
1816,17,Male,12th,National Grammar,68.0,65.0,67.0,55.0,53.0,3.5,92.6,,Yes,High School,Yes,61.6
1817,14,Male,10th,National Grammar,73.0,96.0,93.0,54.0,75.0,6.4,73.7,Group B,Yes,Master,No,78.2
1818,14,Female,9th,Sunrise Academy,73.0,86.0,80.0,52.0,58.0,2.6,89.4,Group C,Yes,Bachelor,Yes,69.8
1819,18,Male,12th,Sunrise Academy,67.0,75.0,62.0,86.0,93.0,5.3,62.9,Group C,Yes,,No,76.6
1820,17,Male,11th,Sunrise Academy,52.0,65.0,84.0,81.0,81.0,7.0,69.5,Group B,Yes,High School,Yes,72.6
1821,14,Female,10th,City Public School,54.0,56.0,62.0,60.0,46.0,0.8,98.8,,No,Bachelor,Yes,55.6
1822,17,Male,12th,Sunrise Academy,99.0,38.0,89.0,93.0,96.0,6.7,99.4,,Yes,High School,Yes,83.0
1823,15,Female,9th,National Grammar,62.0,47.0,67.0,62.0,92.0,4.8,78.1,Group C,Yes,Master,Yes,66.0
1824,16,Female,11th,Greenwood High,83.0,79.0,82.0,31.0,90.0,5.1,97.0,,Yes,Bachelor,Yes,73.0
1825,14,Female,10th,City Public School,65.0,76.0,86.0,47.0,58.0,4.4,78.5,Group C,Yes,Bachelor,Yes,66.4
1826,18,Female,10th,Sunrise Academy,43.0,83.0,96.0,76.0,77.0,7.1,68.1,Group C,No,Bachelor,Yes,75.0
1827,15,Male,12th,City Public School,65.0,54.0,65.0,62.0,79.0,,67.0,Group B,Yes,High School,Yes,65.0
1828,17,Female,11th,City Public School,79.0,88.0,64.0,64.0,83.0,2.5,96.8,Group C,Yes,High School,Yes,75.6
1829,15,Male,11th,Sunrise Academy,48.0,70.0,93.0,80.0,91.0,7.1,62.8,,Yes,High School,Yes,76.4
1830,14,Male,11th,City Public School,94.0,35.0,68.0,47.0,95.0,6.1,81.1,,Yes,,No,67.8
1831,17,Male,11th,Greenwood High,44.0,49.0,58.0,59.0,64.0,0.6,80.0,Group A,Yes,High School,Yes,54.8
1832,16,Male,9th,National Grammar,95.0,51.0,72.0,73.0,46.0,4.4,88.3,,Yes,Master,Yes,67.4
1833,15,Male,11th,National Grammar,71.0,58.0,75.0,82.0,95.0,4.5,77.5,Group A,Yes,High School,Yes,76.2
1834,14,Male,10th,Greenwood High,59.0,92.0,53.0,39.0,85.0,3.5,67.3,Group C,No,High School,Yes,65.6
1835,18,Male,10th,City Public School,89.0,57.0,53.0,81.0,63.0,2.7,62.6,,Yes,,Yes,68.6
1836,17,Male,9th,Sunrise Academy,50.0,80.0,74.0,78.0,81.0,5.6,82.9,Group B,Yes,,No,72.6
1837,15,Male,10th,City Public School,54.0,42.0,69.0,40.0,62.0,2.1,87.4,Group B,No,High School,No,53.4
1838,15,Male,10th,Greenwood High,71.0,93.0,67.0,95.0,60.0,,,Group B,No,High School,No,77.2
1839,16,Female,11th,City Public School,67.0,93.0,56.0,87.0,48.0,6.5,88.2,Group C,Yes,,No,70.2
1840,16,Female,10th,National Grammar,61.0,47.0,42.0,65.0,56.0,3.6,61.4,Group C,Yes,Bachelor,Yes,54.2
1841,18,Female,9th,City Public School,80.0,73.0,55.0,62.0,73.0,2.6,94.7,Group A,No,Bachelor,Yes,68.6
1842,18,Male,11th,Greenwood High,56.0,62.0,85.0,76.0,51.0,2.6,81.2,Group B,Yes,,No,66.0
1843,14,Female,12th,National Grammar,98.0,95.0,69.0,42.0,58.0,4.1,60.7,Group A,Yes,Bachelor,Yes,72.4
1844,14,Female,11th,City Public School,65.0,50.0,91.0,69.0,99.0,5.9,75.8,Group A,No,Bachelor,Yes,74.8
1845,18,Female,9th,City Public School,83.0,36.0,68.0,97.0,56.0,3.2,93.0,,Yes,Master,No,68.0
1846,18,Male,11th,National Grammar,46.0,51.0,84.0,71.0,79.0,5.1,95.4,,Yes,Bachelor,No,66.2
1847,17,Male,11th,Sunrise Academy,81.0,64.0,54.0,48.0,49.0,3.4,66.9,Group B,Yes,High School,Yes,59.2
1848,16,Male,9th,National Grammar,96.0,47.0,85.0,48.0,61.0,2.8,87.0,Group C,Yes,Bachelor,Yes,67.4
1849,14,Male,11th,Sunrise Academy,65.0,47.0,95.0,87.0,86.0,0.7,,,No,Bachelor,No,76.0
1850,16,Female,9th,Greenwood High,64.0,77.0,64.0,52.0,76.0,0.5,,Group C,Yes,High School,No,66.6
1851,16,Female,9th,Greenwood High,49.0,55.0,90.0,83.0,54.0,2.2,80.2,Group A,No,Master,No,66.2
1852,18,Female,12th,National Grammar,98.0,89.0,77.0,94.0,87.0,3.5,86.3,Group A,Yes,High School,No,89.0
1853,17,Female,10th,National Grammar,84.0,74.0,81.0,41.0,61.0,6.9,90.8,Group A,Yes,Master,Yes,68.2
1854,15,Male,10th,Greenwood High,58.0,49.0,98.0,53.0,49.0,6.5,70.3,Group A,Yes,Bachelor,Yes,61.4
1855,17,Male,11th,Sunrise Academy,50.0,86.0,86.0,63.0,89.0,2.5,55.3,Group B,Yes,Bachelor,Yes,74.8
1856,17,Male,11th,Greenwood High,52.0,87.0,92.0,82.0,86.0,2.3,76.6,Group A,No,Bachelor,Yes,79.8
1857,16,Female,12th,National Grammar,92.0,86.0,93.0,37.0,53.0,2.2,55.7,,Yes,Bachelor,No,72.2
1858,17,Male,12th,Greenwood High,47.0,64.0,91.0,47.0,93.0,,59.1,Group A,Yes,Bachelor,No,68.4
1859,14,Male,12th,National Grammar,79.0,67.0,97.0,86.0,77.0,4.2,69.7,Group C,Yes,Master,Yes,81.2
1860,16,Female,9th,National Grammar,43.0,91.0,77.0,34.0,80.0,,74.7,,No,Bachelor,Yes,65.0
1861,14,Female,12th,Greenwood High,86.0,86.0,62.0,55.0,80.0,2.1,67.6,Group C,Yes,Master,Yes,73.8
1862,15,Male,12th,Sunrise Academy,70.0,43.0,64.0,59.0,62.0,1.5,81.2,Group C,Yes,Master,No,59.6
1863,16,Male,11th,City Public School,67.0,88.0,81.0,83.0,53.0,0.6,57.5,Group B,Yes,,Yes,74.4
1864,15,Male,12th,Greenwood High,50.0,35.0,46.0,42.0,73.0,1.7,61.5,Group B,Yes,Bachelor,Yes,49.2
1865,16,Male,9th,City Public School,,78.0,61.0,58.0,94.0,5.8,86.3,Group C,Yes,Bachelor,Yes,72.75
1866,18,Male,9th,Greenwood High,40.0,43.0,56.0,32.0,58.0,2.3,61.4,Group C,Yes,High School,Yes,45.8
1867,17,Male,11th,City Public School,88.0,66.0,57.0,87.0,69.0,4.0,83.8,Group A,No,Bachelor,No,73.4
1868,18,Female,12th,Sunrise Academy,86.0,49.0,88.0,31.0,59.0,4.9,57.5,,Yes,High School,Yes,62.6
1869,15,Female,12th,Sunrise Academy,91.0,46.0,80.0,57.0,50.0,7.2,73.3,Group A,Yes,High School,Yes,64.8
1870,17,Female,9th,Greenwood High,77.0,91.0,49.0,31.0,86.0,7.2,63.0,Group B,Yes,High School,Yes,66.8
1871,16,Male,12th,National Grammar,63.0,42.0,49.0,36.0,73.0,6.1,59.9,Group B,Yes,Master,Yes,52.6
1872,17,Female,12th,City Public School,93.0,,96.0,55.0,59.0,0.8,80.5,Group A,No,Master,No,75.75
1873,14,Male,12th,National Grammar,99.0,96.0,46.0,45.0,73.0,4.8,96.8,,Yes,Bachelor,Yes,71.8
1874,17,Male,10th,National Grammar,96.0,46.0,87.0,52.0,48.0,6.4,57.5,Group C,Yes,Bachelor,Yes,65.8
1875,14,Female,11th,National Grammar,86.0,99.0,89.0,69.0,62.0,0.6,74.0,Group A,Yes,Bachelor,No,81.0
1876,17,Male,10th,Sunrise Academy,70.0,76.0,77.0,89.0,94.0,4.6,,Group B,Yes,Bachelor,Yes,81.2
1877,14,Male,11th,Greenwood High,80.0,96.0,66.0,61.0,93.0,6.9,75.8,,Yes,High School,No,79.2
1878,15,Female,9th,Greenwood High,85.0,45.0,91.0,44.0,88.0,4.1,91.3,Group B,Yes,High School,Yes,70.6
1879,18,Female,12th,Sunrise Academy,89.0,77.0,72.0,42.0,83.0,0.5,63.1,,Yes,High School,Yes,72.6
1880,16,Female,11th,Sunrise Academy,65.0,51.0,40.0,34.0,60.0,0.6,98.2,,No,Bachelor,No,50.0
1881,17,Male,10th,Greenwood High,88.0,66.0,83.0,81.0,55.0,3.6,72.3,,Yes,Bachelor,No,74.6
1882,18,Female,12th,National Grammar,89.0,74.0,92.0,70.0,58.0,1.7,70.4,Group A,Yes,Bachelor,Yes,76.6
1883,16,Female,9th,City Public School,,57.0,99.0,82.0,47.0,5.5,94.4,Group A,No,Master,Yes,71.25
1884,16,Male,11th,City Public School,59.0,90.0,73.0,79.0,95.0,5.8,80.4,Group A,Yes,,Yes,79.2
1885,14,Female,11th,City Public School,91.0,40.0,43.0,44.0,94.0,1.8,78.2,,Yes,High School,Yes,62.4
1886,15,Female,11th,National Grammar,80.0,84.0,56.0,36.0,86.0,7.2,87.7,,Yes,High School,Yes,68.4
1887,15,Female,12th,Greenwood High,50.0,71.0,43.0,69.0,82.0,3.8,81.1,Group B,Yes,,No,63.0
1888,18,Male,10th,Sunrise Academy,,98.0,82.0,57.0,89.0,1.6,62.3,Group C,Yes,High School,Yes,81.5
1889,15,Male,10th,Greenwood High,93.0,88.0,93.0,61.0,86.0,6.2,85.3,Group A,Yes,High School,Yes,84.2
1890,17,Male,11th,National Grammar,72.0,,65.0,44.0,62.0,6.4,61.0,,No,Bachelor,Yes,60.75
1891,15,Male,9th,Sunrise Academy,89.0,45.0,43.0,99.0,64.0,5.3,91.3,Group B,Yes,High School,Yes,68.0
1892,18,Female,9th,National Grammar,77.0,83.0,40.0,94.0,92.0,6.9,99.5,Group B,Yes,Bachelor,No,77.2
1893,15,Male,10th,City Public School,66.0,55.0,46.0,33.0,69.0,6.0,72.0,Group B,Yes,Bachelor,Yes,53.8
1894,17,Male,9th,City Public School,73.0,97.0,69.0,40.0,82.0,7.1,75.0,Group A,Yes,High School,Yes,72.2
1895,14,Female,10th,National Grammar,54.0,62.0,89.0,55.0,57.0,3.8,57.1,Group A,Yes,Bachelor,No,63.4
1896,18,Female,11th,Sunrise Academy,71.0,51.0,48.0,90.0,48.0,6.1,55.6,Group C,Yes,,Yes,61.6
1897,14,Female,10th,Sunrise Academy,,40.0,74.0,66.0,99.0,8.0,96.5,Group B,Yes,Bachelor,Yes,69.75
1898,14,Male,10th,Greenwood High,60.0,53.0,47.0,52.0,58.0,5.9,60.8,Group A,No,Master,Yes,54.0
1899,14,Male,11th,City Public School,85.0,90.0,63.0,69.0,77.0,1.4,75.1,Group B,Yes,High School,No,76.8
1900,16,Male,9th,Greenwood High,44.0,62.0,58.0,52.0,72.0,4.4,91.7,,Yes,Master,No,57.6
1901,16,Female,10th,Greenwood High,45.0,72.0,75.0,45.0,96.0,4.9,95.0,Group B,No,Bachelor,Yes,66.6
1902,14,Female,10th,National Grammar,,71.0,89.0,90.0,81.0,1.8,78.4,Group C,Yes,Master,Yes,82.75
1903,18,Male,11th,National Grammar,61.0,83.0,91.0,97.0,52.0,7.7,80.4,Group A,No,Bachelor,No,76.8
1904,17,Female,9th,Greenwood High,57.0,77.0,98.0,60.0,88.0,1.8,85.1,,No,,Yes,76.0
1905,17,Female,10th,City Public School,53.0,,82.0,82.0,78.0,1.8,98.3,Group A,Yes,Master,Yes,73.75
1906,15,Female,11th,National Grammar,49.0,92.0,66.0,54.0,88.0,7.4,82.1,,No,High School,No,69.8
1907,18,Male,10th,Greenwood High,85.0,47.0,71.0,73.0,49.0,4.0,80.2,Group B,Yes,High School,Yes,65.0
1908,16,Female,12th,Greenwood High,52.0,,53.0,41.0,98.0,1.0,55.7,Group B,Yes,High School,Yes,61.0
1909,14,Female,11th,Greenwood High,70.0,92.0,96.0,38.0,49.0,5.0,58.6,Group C,No,High School,No,69.0
1910,15,Male,9th,Greenwood High,69.0,66.0,57.0,41.0,75.0,5.0,81.0,Group C,Yes,Bachelor,Yes,61.6
1911,17,Male,9th,Greenwood High,42.0,94.0,67.0,98.0,89.0,1.0,97.1,,Yes,Bachelor,Yes,78.0
1912,16,Female,9th,Greenwood High,69.0,92.0,99.0,83.0,53.0,7.8,94.0,Group C,Yes,Master,Yes,79.2
1913,16,Female,9th,National Grammar,45.0,90.0,68.0,83.0,86.0,4.6,99.2,Group C,No,,Yes,74.4
1914,14,Male,10th,City Public School,68.0,62.0,55.0,57.0,76.0,4.7,78.8,Group C,No,Master,Yes,63.6
1915,17,Male,10th,Greenwood High,47.0,35.0,74.0,85.0,77.0,4.4,90.5,Group C,Yes,Master,Yes,63.6
1916,18,Female,9th,Sunrise Academy,83.0,76.0,86.0,98.0,47.0,5.1,92.8,Group B,No,,No,78.0
1917,16,Female,9th,National Grammar,84.0,82.0,98.0,87.0,74.0,2.5,84.2,Group C,Yes,High School,No,85.0
1918,14,Female,9th,National Grammar,82.0,74.0,98.0,71.0,94.0,,70.2,Group B,Yes,Bachelor,Yes,83.8
1919,18,Female,10th,Greenwood High,83.0,97.0,70.0,67.0,56.0,4.3,76.1,Group B,Yes,Bachelor,No,74.6
1920,17,Male,9th,National Grammar,72.0,38.0,43.0,97.0,73.0,6.6,93.6,Group A,No,Bachelor,No,64.6
1921,16,Female,9th,Greenwood High,56.0,72.0,76.0,82.0,47.0,0.9,68.4,Group B,Yes,Bachelor,No,66.6
1922,18,Female,12th,City Public School,,61.0,56.0,62.0,70.0,5.0,96.6,Group B,Yes,Bachelor,Yes,62.25
1923,18,Male,12th,City Public School,50.0,43.0,78.0,85.0,74.0,6.6,65.3,Group C,No,,No,66.0
1924,18,Female,9th,National Grammar,52.0,50.0,87.0,80.0,53.0,1.7,88.7,Group B,No,Bachelor,Yes,64.4
1925,16,Male,11th,National Grammar,89.0,90.0,85.0,72.0,70.0,0.6,83.4,,Yes,,Yes,81.2
1926,16,Female,9th,Sunrise Academy,50.0,65.0,65.0,44.0,46.0,2.8,88.7,Group C,Yes,Bachelor,Yes,54.0
1927,15,Female,12th,National Grammar,70.0,48.0,87.0,67.0,47.0,4.9,74.7,Group C,No,Bachelor,No,63.8
1928,17,Male,11th,Sunrise Academy,67.0,59.0,78.0,44.0,90.0,1.5,97.0,Group C,No,Bachelor,Yes,67.6
1929,14,Male,11th,City Public School,83.0,68.0,80.0,34.0,48.0,3.7,83.5,Group A,Yes,Master,Yes,62.6
1930,18,Female,9th,City Public School,45.0,58.0,43.0,83.0,69.0,,68.0,Group C,No,Bachelor,No,59.6
1931,15,Female,12th,Greenwood High,80.0,60.0,69.0,80.0,95.0,5.0,83.7,Group B,No,Bachelor,No,76.8
1932,14,Female,12th,City Public School,55.0,54.0,69.0,39.0,57.0,2.6,67.9,,No,Bachelor,No,54.8
1933,15,Male,11th,Sunrise Academy,43.0,98.0,61.0,41.0,83.0,3.5,68.2,Group C,No,Master,Yes,65.2
1934,16,Female,9th,National Grammar,74.0,44.0,50.0,33.0,88.0,6.3,73.0,Group C,Yes,Bachelor,Yes,57.8
1935,18,Male,10th,Greenwood High,99.0,,41.0,47.0,79.0,7.6,93.4,,Yes,High School,No,66.5
1936,14,Male,10th,Sunrise Academy,87.0,39.0,83.0,65.0,99.0,7.0,77.5,Group C,Yes,Master,Yes,74.6
1937,14,Female,12th,National Grammar,95.0,92.0,51.0,54.0,67.0,4.7,85.6,Group A,Yes,Bachelor,No,71.8
1938,14,Male,10th,Greenwood High,98.0,61.0,69.0,65.0,53.0,3.6,72.6,Group B,No,,Yes,69.2
1939,14,Female,12th,City Public School,65.0,49.0,75.0,96.0,46.0,,66.9,,No,Bachelor,No,66.2
1940,14,Female,12th,Sunrise Academy,96.0,69.0,57.0,38.0,98.0,1.4,98.0,,Yes,Master,Yes,71.6
1941,15,Female,12th,National Grammar,51.0,87.0,65.0,90.0,85.0,1.3,82.2,Group A,Yes,Bachelor,Yes,75.6
1942,18,Female,10th,Greenwood High,50.0,78.0,92.0,82.0,88.0,5.7,97.0,Group B,Yes,High School,No,78.0
1943,16,Female,12th,Greenwood High,76.0,60.0,46.0,47.0,75.0,2.4,64.2,Group A,Yes,Bachelor,Yes,60.8
1944,16,Male,11th,City Public School,64.0,81.0,40.0,72.0,88.0,2.4,61.6,Group B,Yes,Bachelor,Yes,69.0
1945,16,Male,9th,National Grammar,57.0,68.0,97.0,64.0,91.0,8.0,93.5,Group A,Yes,Bachelor,No,75.4
1946,16,Female,9th,City Public School,58.0,84.0,65.0,92.0,46.0,1.9,85.6,Group C,Yes,High School,Yes,69.0
1947,15,Female,12th,City Public School,62.0,46.0,62.0,33.0,76.0,1.6,63.4,Group A,Yes,High School,Yes,55.8
1948,17,Male,9th,National Grammar,94.0,38.0,65.0,70.0,62.0,,67.1,,Yes,Bachelor,Yes,65.8
1949,18,Male,10th,National Grammar,77.0,82.0,84.0,74.0,57.0,4.8,91.0,,No,Bachelor,Yes,74.8
1950,14,Male,10th,National Grammar,93.0,89.0,45.0,79.0,90.0,5.2,75.4,,Yes,High School,Yes,79.2
1951,17,Male,9th,Sunrise Academy,57.0,35.0,45.0,57.0,49.0,3.2,85.2,Group A,Yes,,No,48.6
1952,16,Female,10th,National Grammar,65.0,64.0,83.0,71.0,86.0,4.5,69.3,,Yes,,No,73.8
1953,17,Female,9th,Greenwood High,45.0,37.0,47.0,98.0,88.0,6.4,72.2,,Yes,Bachelor,Yes,63.0
1954,18,Male,9th,City Public School,43.0,55.0,63.0,30.0,54.0,6.6,99.6,Group C,No,,Yes,49.0
1955,14,Female,9th,Sunrise Academy,83.0,83.0,61.0,68.0,87.0,7.7,66.1,Group C,Yes,,No,76.4
1956,14,Male,12th,National Grammar,90.0,96.0,58.0,46.0,69.0,6.7,77.8,Group B,No,,No,71.8
1957,18,Female,9th,Sunrise Academy,68.0,,76.0,64.0,78.0,4.7,93.0,Group B,Yes,Bachelor,Yes,71.5
1958,18,Male,12th,National Grammar,,49.0,57.0,75.0,81.0,1.8,65.8,Group B,Yes,High School,No,65.5
1959,16,Female,9th,Sunrise Academy,73.0,86.0,70.0,71.0,74.0,1.2,73.7,Group A,Yes,High School,No,74.8
1960,14,Male,9th,City Public School,56.0,80.0,76.0,68.0,51.0,0.9,82.7,Group B,Yes,Master,Yes,66.2
1961,17,Male,9th,City Public School,82.0,59.0,69.0,78.0,50.0,5.5,76.7,Group A,Yes,High School,Yes,67.6
1962,15,Female,10th,Greenwood High,82.0,55.0,96.0,91.0,98.0,6.6,75.7,Group A,No,High School,Yes,84.4
1963,15,Male,12th,Greenwood High,92.0,39.0,81.0,67.0,99.0,,71.3,Group B,Yes,Master,No,75.6
1964,18,Female,12th,National Grammar,,81.0,72.0,52.0,47.0,0.9,81.4,Group B,Yes,High School,No,63.0
1965,16,Female,9th,City Public School,41.0,52.0,49.0,51.0,57.0,4.5,,Group A,No,,No,50.0
1966,15,Male,9th,Sunrise Academy,73.0,55.0,76.0,33.0,47.0,7.5,84.4,Group C,No,,Yes,56.8
1967,14,Female,10th,Sunrise Academy,94.0,57.0,51.0,78.0,70.0,,58.2,,Yes,,No,70.0
1968,18,Female,10th,Sunrise Academy,47.0,98.0,93.0,88.0,68.0,6.6,83.4,,Yes,High School,No,78.8
1969,17,Female,10th,Greenwood High,52.0,74.0,69.0,97.0,97.0,6.5,97.9,,Yes,Bachelor,No,77.8
1970,18,Female,12th,Sunrise Academy,81.0,44.0,66.0,31.0,50.0,7.5,79.3,Group C,Yes,High School,Yes,54.4
1971,17,Female,12th,Greenwood High,,86.0,78.0,78.0,87.0,6.3,87.2,Group A,No,High School,No,82.25
1972,18,Male,12th,Greenwood High,69.0,95.0,48.0,60.0,93.0,6.1,80.1,Group B,Yes,Bachelor,Yes,73.0
1973,18,Female,9th,National Grammar,71.0,98.0,93.0,69.0,86.0,2.3,93.5,Group A,Yes,Master,No,83.4
1974,18,Female,12th,Sunrise Academy,75.0,39.0,60.0,77.0,56.0,0.9,,Group A,No,,No,61.4
1975,17,Female,11th,Sunrise Academy,86.0,87.0,51.0,80.0,93.0,4.4,63.3,Group B,No,Bachelor,Yes,79.4
1976,17,Female,11th,City Public School,69.0,89.0,94.0,72.0,80.0,1.4,74.7,Group C,Yes,High School,No,80.8
1977,18,Female,10th,National Grammar,40.0,71.0,68.0,84.0,46.0,7.7,72.7,,No,Bachelor,Yes,61.8
1978,15,Male,12th,City Public School,,90.0,72.0,78.0,55.0,2.7,73.2,,Yes,,No,73.75
1979,16,Female,11th,National Grammar,78.0,93.0,82.0,86.0,83.0,6.9,60.6,Group A,Yes,Bachelor,Yes,84.4
1980,16,Male,10th,Sunrise Academy,56.0,93.0,92.0,44.0,78.0,3.4,91.6,Group C,No,High School,No,72.6
1981,16,Male,12th,Greenwood High,98.0,,54.0,56.0,70.0,2.9,56.6,,Yes,High School,No,69.5
1982,17,Male,9th,Greenwood High,59.0,99.0,41.0,97.0,62.0,7.5,78.8,Group C,Yes,,Yes,71.6
1983,17,Male,11th,Greenwood High,63.0,94.0,91.0,93.0,65.0,3.2,84.8,Group B,Yes,High School,Yes,81.2
1984,15,Female,9th,Greenwood High,89.0,85.0,78.0,59.0,80.0,3.4,64.3,Group A,Yes,Master,Yes,78.2
1985,16,Male,12th,Greenwood High,61.0,64.0,92.0,65.0,84.0,1.3,,Group A,Yes,Master,Yes,73.2
1986,16,Male,11th,City Public School,68.0,45.0,83.0,96.0,96.0,,92.7,Group C,Yes,Bachelor,Yes,77.6
1987,18,Female,12th,National Grammar,61.0,73.0,93.0,78.0,90.0,2.7,76.2,,Yes,High School,No,79.0
1988,17,Female,9th,Sunrise Academy,83.0,97.0,57.0,84.0,88.0,4.9,73.5,Group C,Yes,High School,No,81.8
1989,16,Female,11th,City Public School,48.0,98.0,42.0,85.0,66.0,4.9,65.6,Group B,Yes,,No,67.8
1990,15,Male,9th,National Grammar,76.0,95.0,46.0,97.0,97.0,5.9,,,No,Master,Yes,82.2
1991,15,Female,12th,Greenwood High,49.0,88.0,82.0,73.0,74.0,6.1,60.9,,Yes,Bachelor,No,73.2
1992,16,Female,12th,National Grammar,75.0,92.0,57.0,60.0,94.0,4.4,85.6,Group C,Yes,Bachelor,No,75.6
1993,17,Male,9th,National Grammar,76.0,90.0,83.0,87.0,87.0,3.0,92.9,Group B,Yes,Master,Yes,84.6
1994,15,Female,11th,Greenwood High,67.0,68.0,77.0,82.0,74.0,6.8,,,Yes,Master,Yes,73.6
1995,18,Female,9th,Greenwood High,67.0,65.0,76.0,52.0,52.0,2.8,94.0,Group A,No,High School,Yes,62.4
1996,15,Female,12th,Greenwood High,,86.0,97.0,57.0,78.0,4.3,56.5,Group B,Yes,,No,79.5
1997,14,Female,9th,Sunrise Academy,82.0,35.0,72.0,45.0,91.0,3.5,96.1,,Yes,,Yes,65.0
1998,14,Male,12th,Greenwood High,60.0,89.0,83.0,66.0,53.0,6.9,60.3,Group C,Yes,Bachelor,No,70.2
1999,17,Female,9th,Sunrise Academy,63.0,56.0,98.0,50.0,95.0,3.7,84.1,,Yes,High School,Yes,72.4
2000,16,Female,11th,Greenwood High,81.0,74.0,70.0,46.0,64.0,3.4,66.3,Group A,Yes,High School,No,67.0
